{
    "epoch": 114,
    "variant_name": "amc_focal_tversky",
    "train_loss": 1.3196773630651562,
    "train_ce": 0.296962647868151,
    "train_dice": 0.6479249291799285,
    "train_focal_tversky": 0.5554426336152987,
    "train_ordinal": 0.017082494284254193,
    "train_aux": 0.9706846929409287,
    "lambda_ft": 0.5,
    "lambda_ord": 0.0,
    "amc_p": 0.85,
    "selection_score": 0.7286797448095526,
    "dice_c0": 0.9531774710427396,
    "iou_c0": 0.9105435206789059,
    "precision_c0": 0.9744768869862874,
    "recall_c0": 0.9327892338814164,
    "dice_c1": 0.8552623400081518,
    "iou_c1": 0.7471251885032265,
    "precision_c1": 0.802299562202524,
    "recall_c1": 0.9157118871578054,
    "dice_c2": 0.5627875954571984,
    "iou_c2": 0.3915827567855075,
    "precision_c2": 0.5218711167348217,
    "recall_c2": 0.6106658876177297,
    "dice_c3": 0.742691097746131,
    "iou_c3": 0.5906989892577494,
    "precision_c3": 0.6986286103094513,
    "recall_c3": 0.7926857675285084,
    "dice_c4": 0.7569386494423949,
    "iou_c4": 0.6089310468086324,
    "precision_c4": 0.7100161633001235,
    "recall_c4": 0.810501885697661,
    "mean_dice_no_bg": 0.7294199206634691,
    "mean_iou_no_bg": 0.584584495338779,
    "macro_precision_no_bg": 0.6832038631367301,
    "macro_recall_no_bg": 0.7823913570004261,
    "minority_dice_c2_c3_c4": 0.6874724475485747,
    "ordinal_mae_fg": 0.04504919967628731,
    "adjacent_error_rate_fg": 0.044179517704006945,
    "distant_error_rate_fg": 0.00038566375589157504,
    "exact_rate_fg": 0.9554348185401015,
    "weighted_kappa_fg": 0.9737030008136699,
    "val_loss": 0.9273190931840376,
    "epoch_seconds": 7.779315710067749
}