{
    "epoch": 108,
    "train_loss": 0.9933254204013131,
    "train_ce": 0.3211237239566716,
    "train_dice": 0.6722017005085945,
    "train_focal_tversky": 0.5789541038261219,
    "train_ordinal": 0.023379090439200147,
    "train_aux": 0.9933254204013131,
    "lambda_ft": 0.0,
    "lambda_ord": 0.0,
    "amc_p": 0.0,
    "selection_score": 0.7362218744775735,
    "dice_c0": 0.9492356507190801,
    "iou_c0": 0.9033763387277846,
    "precision_c0": 0.961786164996128,
    "recall_c0": 0.9370084649422701,
    "dice_c1": 0.8513986494791019,
    "iou_c1": 0.741248170301199,
    "precision_c1": 0.8390342438384604,
    "recall_c1": 0.8641329211043978,
    "dice_c2": 0.5750969913323797,
    "iou_c2": 0.4036043069837672,
    "precision_c2": 0.49627536760236673,
    "recall_c2": 0.6836840607369175,
    "dice_c3": 0.7294340397788565,
    "iou_c3": 0.5741016701343845,
    "precision_c3": 0.6856217051139797,
    "recall_c3": 0.7792279657297441,
    "dice_c4": 0.7867043670036918,
    "iou_c4": 0.6484028670414621,
    "precision_c4": 0.7366108989709106,
    "recall_c4": 0.8441082263723749,
    "mean_dice_no_bg": 0.7356585118985075,
    "mean_iou_no_bg": 0.5918392536152032,
    "macro_precision_no_bg": 0.6893855538814293,
    "macro_recall_no_bg": 0.7927882934858586,
    "minority_dice_c2_c3_c4": 0.6970784660383093,
    "ordinal_mae_fg": 0.052469832429626564,
    "adjacent_error_rate_fg": 0.05162778654177265,
    "distant_error_rate_fg": 0.0003270120459567412,
    "exact_rate_fg": 0.9480452014122706,
    "weighted_kappa_fg": 0.9727724128503563,
    "val_loss": 0.9927069829268889,
    "epoch_seconds": 5.599280834197998
}