{
    "epoch": 120,
    "train_loss": 0.9660783938386224,
    "train_ce": 0.29940704298629,
    "train_dice": 0.6666713489050214,
    "train_focal_tversky": 0.5756191829727455,
    "train_ordinal": 0.01972402715033571,
    "train_aux": 0.9660783938386224,
    "lambda_ft": 0.0,
    "lambda_ord": 0.0,
    "amc_p": 0.0,
    "selection_score": 0.7333797615482286,
    "dice_c0": 0.9456089297907768,
    "iou_c0": 0.8968294179531885,
    "precision_c0": 0.9673572650685414,
    "recall_c0": 0.9248169940869063,
    "dice_c1": 0.8451289008224097,
    "iou_c1": 0.7317950041560872,
    "precision_c1": 0.8049976704901594,
    "recall_c1": 0.8894713648117308,
    "dice_c2": 0.553002292026497,
    "iou_c2": 0.38217219625106924,
    "precision_c2": 0.4549895173665773,
    "recall_c2": 0.7048365225252078,
    "dice_c3": 0.7308558919812239,
    "iou_c3": 0.5758651735161437,
    "precision_c3": 0.7032026691358907,
    "recall_c3": 0.7607730519459627,
    "dice_c4": 0.7992394381337836,
    "iou_c4": 0.6656109998246523,
    "precision_c4": 0.7731856018094898,
    "recall_c4": 0.8271103632730816,
    "mean_dice_no_bg": 0.7320566307409785,
    "mean_iou_no_bg": 0.5888608434369881,
    "macro_precision_no_bg": 0.6840938647005292,
    "macro_recall_no_bg": 0.7955478256389957,
    "minority_dice_c2_c3_c4": 0.6943658740471682,
    "ordinal_mae_fg": 0.05366327056516742,
    "adjacent_error_rate_fg": 0.05281341861477306,
    "distant_error_rate_fg": 0.00034478120676596416,
    "exact_rate_fg": 0.946841800178461,
    "weighted_kappa_fg": 0.9714324789763419,
    "val_loss": 0.9884582879868421,
    "epoch_seconds": 5.531104803085327
}