{
    "epoch": 72,
    "train_loss": 1.0356760505925526,
    "train_ce": 0.34297306099059904,
    "train_dice": 0.6927029883319681,
    "train_focal_tversky": 0.603334615515037,
    "train_ordinal": 0.025770896844650535,
    "train_aux": 1.0356760505925526,
    "lambda_ft": 0.0,
    "lambda_ord": 0.0,
    "amc_p": 0.0,
    "selection_score": 0.7340248865722638,
    "dice_c0": 0.9569179984538501,
    "iou_c0": 0.9173947944988221,
    "precision_c0": 0.9589820412656073,
    "recall_c0": 0.9548628215493558,
    "dice_c1": 0.8534286574140688,
    "iou_c1": 0.7443310553090224,
    "precision_c1": 0.8706377036303009,
    "recall_c1": 0.8368867336977991,
    "dice_c2": 0.5725776712454924,
    "iou_c2": 0.4011270243650267,
    "precision_c2": 0.4912985009690111,
    "recall_c2": 0.6860811930405586,
    "dice_c3": 0.7509024084144991,
    "iou_c3": 0.6011559172581269,
    "precision_c3": 0.7153976012685231,
    "recall_c3": 0.7901154217405136,
    "dice_c4": 0.7605021984425268,
    "iou_c4": 0.6135567142490519,
    "precision_c4": 0.7355094326733269,
    "recall_c4": 0.7872532293443342,
    "mean_dice_no_bg": 0.7343527338791468,
    "mean_iou_no_bg": 0.590042677795307,
    "macro_precision_no_bg": 0.7032108096352905,
    "macro_recall_no_bg": 0.7750841444558014,
    "minority_dice_c2_c3_c4": 0.694660759367506,
    "ordinal_mae_fg": 0.05511260117871104,
    "adjacent_error_rate_fg": 0.05474323392200166,
    "distant_error_rate_fg": 0.0001413044505318459,
    "exact_rate_fg": 0.9451154616274665,
    "weighted_kappa_fg": 0.9692261078801622,
    "val_loss": 0.9483591263944452,
    "epoch_seconds": 5.334928512573242
}