{
    "epoch": 79,
    "train_loss": 1.0079119022596965,
    "train_ce": 0.33246046118438244,
    "train_dice": 0.6754514331167395,
    "train_focal_tversky": 0.5831400968811729,
    "train_ordinal": 0.02309393952732948,
    "train_aux": 1.0079119022596965,
    "lambda_ft": 0.0,
    "lambda_ord": 0.0,
    "amc_p": 0.0,
    "selection_score": 0.7037739794316352,
    "dice_c0": 0.946164298016991,
    "iou_c0": 0.8978290413169606,
    "precision_c0": 0.9724868608417794,
    "recall_c0": 0.9212291416328046,
    "dice_c1": 0.8451302466719213,
    "iou_c1": 0.7317970223364525,
    "precision_c1": 0.7836287357746874,
    "recall_c1": 0.917107573221398,
    "dice_c2": 0.5402871453019704,
    "iou_c2": 0.37013248431914336,
    "precision_c2": 0.48865789484359257,
    "recall_c2": 0.6041150446916422,
    "dice_c3": 0.6996880512576373,
    "iou_c3": 0.5380924569172516,
    "precision_c3": 0.6688230537381255,
    "recall_c3": 0.733539602713056,
    "dice_c4": 0.7354919945189771,
    "iou_c4": 0.5816428139094252,
    "precision_c4": 0.670696700550446,
    "recall_c4": 0.8141457482132969,
    "mean_dice_no_bg": 0.7051493594376266,
    "mean_iou_no_bg": 0.5554161943705682,
    "macro_precision_no_bg": 0.6529515962267128,
    "macro_recall_no_bg": 0.7672269922098482,
    "minority_dice_c2_c3_c4": 0.6584890636928616,
    "ordinal_mae_fg": 0.0547874525764394,
    "adjacent_error_rate_fg": 0.05419606231985467,
    "distant_error_rate_fg": 0.00021505100239444847,
    "exact_rate_fg": 0.9455888866777509,
    "weighted_kappa_fg": 0.9713573338463032,
    "val_loss": 0.9929832707751881,
    "epoch_seconds": 5.661976337432861
}