{
    "epoch": 120,
    "train_loss": 0.9953350092877041,
    "train_ce": 0.3159189098937945,
    "train_dice": 0.6794160966846076,
    "train_focal_tversky": 0.5893647420135412,
    "train_ordinal": 0.02170347291079948,
    "train_aux": 0.9953350092877041,
    "lambda_ft": 0.0,
    "lambda_ord": 0.0,
    "amc_p": 0.0,
    "selection_score": 0.7198111229088952,
    "dice_c0": 0.952633672454765,
    "iou_c0": 0.9095515555550661,
    "precision_c0": 0.9663550364833902,
    "recall_c0": 0.9392965148629183,
    "dice_c1": 0.8525949686499754,
    "iou_c1": 0.743063648280173,
    "precision_c1": 0.8339239969036041,
    "recall_c1": 0.8721211477373682,
    "dice_c2": 0.5330419457172882,
    "iou_c2": 0.3633654992118544,
    "precision_c2": 0.45188164492278876,
    "recall_c2": 0.6497383413677872,
    "dice_c3": 0.7218509516320178,
    "iou_c3": 0.5647627344821174,
    "precision_c3": 0.6533105182713129,
    "recall_c3": 0.8064585236049263,
    "dice_c4": 0.7747381535810659,
    "iou_c4": 0.6323041526555232,
    "precision_c4": 0.7224350537143935,
    "recall_c4": 0.8352056582039777,
    "mean_dice_no_bg": 0.7205565048950868,
    "mean_iou_no_bg": 0.575874008657417,
    "macro_precision_no_bg": 0.6653878034530247,
    "macro_recall_no_bg": 0.7908809177285149,
    "minority_dice_c2_c3_c4": 0.6765436836434574,
    "ordinal_mae_fg": 0.04629062277245834,
    "adjacent_error_rate_fg": 0.04610934343247919,
    "distant_error_rate_fg": 7.956604514921915e-05,
    "exact_rate_fg": 0.9538110905223716,
    "weighted_kappa_fg": 0.9771796125429467,
    "val_loss": 0.9279645112427798,
    "epoch_seconds": 4.653133869171143
}