class_id,class_name,total_pixels,percentage
0,Background,44073570,76.42151225696911
1,C1,10208024,17.70023692737926
2,C2,886332,1.5368582985617898
3,C3,1496739,2.5952755321155894
4,C4,1007015,1.7461169849742542
