column,mean,std,min,q25,median,q75,max
minority_ratio_c2_c3_c4,5.878250815651631,8.215707987657247,0.0,0.0,1.272392272949215,9.431266784667962,33.48579406738281
