{
    "epoch": 96,
    "variant_name": "amc_focal_tversky",
    "train_loss": 1.3188421658494256,
    "train_ce": 0.30024864185940137,
    "train_dice": 0.6453371637246825,
    "train_focal_tversky": 0.5516761134971272,
    "train_ordinal": 0.019882010908242428,
    "train_aux": 0.9741830101067369,
    "lambda_ft": 0.5,
    "lambda_ord": 0.0,
    "amc_p": 0.85,
    "selection_score": 0.7545921952129543,
    "dice_c0": 0.9529465748630935,
    "iou_c0": 0.9101222076977515,
    "precision_c0": 0.965373464199548,
    "recall_c0": 0.9408355528261786,
    "dice_c1": 0.860196870157785,
    "iou_c1": 0.7546889876297002,
    "precision_c1": 0.841664854438694,
    "recall_c1": 0.8795633456152216,
    "dice_c2": 0.6174784909014154,
    "iou_c2": 0.4466321043381209,
    "precision_c2": 0.567227671078293,
    "recall_c2": 0.6774982003247502,
    "dice_c3": 0.7468333222601811,
    "iou_c3": 0.595956895061359,
    "precision_c3": 0.6841084450841787,
    "recall_c3": 0.8222215861748486,
    "dice_c4": 0.7905606805501676,
    "iou_c4": 0.6536588217669237,
    "precision_c4": 0.7553305579246605,
    "recall_c4": 0.8292379932601489,
    "mean_dice_no_bg": 0.7537673409673873,
    "mean_iou_no_bg": 0.6127342021990259,
    "macro_precision_no_bg": 0.7120828821314565,
    "macro_recall_no_bg": 0.8021302813437423,
    "minority_dice_c2_c3_c4": 0.7182908312372547,
    "ordinal_mae_fg": 0.047968893350689525,
    "adjacent_error_rate_fg": 0.04715832400678236,
    "distant_error_rate_fg": 0.00031221930283831364,
    "exact_rate_fg": 0.9525294566903794,
    "weighted_kappa_fg": 0.9748749418038525,
    "val_loss": 0.9428884061900052,
    "epoch_seconds": 7.22623348236084
}