{
    "epoch": 85,
    "train_loss": 1.0119746767661788,
    "train_ce": 0.32810161711478775,
    "train_dice": 0.6838730597360567,
    "train_focal_tversky": 0.5921397767961025,
    "train_ordinal": 0.02259463753778784,
    "train_aux": 1.0119746767661788,
    "lambda_ft": 0.0,
    "lambda_ord": 0.0,
    "amc_p": 0.0,
    "selection_score": 0.7382259992788087,
    "dice_c0": 0.941376775566882,
    "iou_c0": 0.8892462906913647,
    "precision_c0": 0.9720351059973241,
    "recall_c0": 0.9125932618862741,
    "dice_c1": 0.8328109380018676,
    "iou_c1": 0.7135184565353647,
    "precision_c1": 0.766238078517213,
    "recall_c1": 0.9120525582006538,
    "dice_c2": 0.5813713721291455,
    "iou_c2": 0.409812237471688,
    "precision_c2": 0.5105676385854778,
    "recall_c2": 0.6749744697235751,
    "dice_c3": 0.7405909955245032,
    "iou_c3": 0.5880464510676859,
    "precision_c3": 0.6790611583572478,
    "recall_c3": 0.814382302618581,
    "dice_c4": 0.7816098727377632,
    "iou_c4": 0.6415103465210003,
    "precision_c4": 0.7647129260871925,
    "recall_c4": 0.7992703944226984,
    "mean_dice_no_bg": 0.73409579459832,
    "mean_iou_no_bg": 0.5882218728989347,
    "macro_precision_no_bg": 0.6801449503867828,
    "macro_recall_no_bg": 0.8001699312413771,
    "minority_dice_c2_c3_c4": 0.7011907467971373,
    "ordinal_mae_fg": 0.0503610170965808,
    "adjacent_error_rate_fg": 0.04956764150969155,
    "distant_error_rate_fg": 0.00030073381390934847,
    "exact_rate_fg": 0.9501316246763991,
    "weighted_kappa_fg": 0.9728281282103028,
    "val_loss": 0.9916688054800034,
    "epoch_seconds": 4.6583473682403564
}