{
    "epoch": 62,
    "train_loss": 1.0508864914829081,
    "train_ce": 0.35292530804872513,
    "train_dice": 0.6979611827568575,
    "train_focal_tversky": 0.607766383242878,
    "train_ordinal": 0.028176986780388026,
    "train_aux": 1.0508864914829081,
    "lambda_ft": 0.0,
    "lambda_ord": 0.0,
    "amc_p": 0.0,
    "selection_score": 0.7131021832423867,
    "dice_c0": 0.9454344847888191,
    "iou_c0": 0.8965156466352802,
    "precision_c0": 0.9740907092970567,
    "recall_c0": 0.9184161195955929,
    "dice_c1": 0.8430346189638721,
    "iou_c1": 0.7286601939713072,
    "precision_c1": 0.7916183079445448,
    "recall_c1": 0.9015939451326215,
    "dice_c2": 0.5929677097015449,
    "iou_c2": 0.42143148653380696,
    "precision_c2": 0.539764986726461,
    "recall_c2": 0.6578052426190695,
    "dice_c3": 0.6676783360340042,
    "iou_c3": 0.5011389922509322,
    "precision_c3": 0.5452547554564505,
    "recall_c3": 0.8609932508927411,
    "dice_c4": 0.7498293043202574,
    "iou_c4": 0.5997815393621592,
    "precision_c4": 0.7349391793476275,
    "recall_c4": 0.7653352646178304,
    "mean_dice_no_bg": 0.7133774922549196,
    "mean_iou_no_bg": 0.5627530530295514,
    "macro_precision_no_bg": 0.652894307368771,
    "macro_recall_no_bg": 0.7964319258155657,
    "minority_dice_c2_c3_c4": 0.6701584500186022,
    "ordinal_mae_fg": 0.05758015283010137,
    "adjacent_error_rate_fg": 0.056809061302773696,
    "distant_error_rate_fg": 0.0003171328319842223,
    "exact_rate_fg": 0.942873805865242,
    "weighted_kappa_fg": 0.9699386555474956,
    "val_loss": 0.975648810917681,
    "epoch_seconds": 5.626338481903076
}