{
    "epoch": 111,
    "train_loss": 1.0058640092611313,
    "train_ce": 0.3211649512364106,
    "train_dice": 0.6846990531141107,
    "train_focal_tversky": 0.5947189439426769,
    "train_ordinal": 0.022392133000804195,
    "train_aux": 1.0058640092611313,
    "lambda_ft": 0.0,
    "lambda_ord": 0.0,
    "amc_p": 0.0,
    "selection_score": 0.7291634583585802,
    "dice_c0": 0.9526772255479199,
    "iou_c0": 0.9096309645766322,
    "precision_c0": 0.9573233847864383,
    "recall_c0": 0.9480759467233468,
    "dice_c1": 0.8438973136729137,
    "iou_c1": 0.7299501364830814,
    "precision_c1": 0.8457091127477776,
    "recall_c1": 0.8420932609930709,
    "dice_c2": 0.552375908335026,
    "iou_c2": 0.38157413344766533,
    "precision_c2": 0.48357022848622333,
    "recall_c2": 0.6440100656658116,
    "dice_c3": 0.7390235613060165,
    "iou_c3": 0.5860724583176485,
    "precision_c3": 0.7038799138800432,
    "recall_c3": 0.7778609696848432,
    "dice_c4": 0.7754308632928311,
    "iou_c4": 0.6332275083936398,
    "precision_c4": 0.7485528219970652,
    "recall_c4": 0.8043109950681285,
    "mean_dice_no_bg": 0.7276819116516968,
    "mean_iou_no_bg": 0.5827060591605088,
    "macro_precision_no_bg": 0.6954280192777773,
    "macro_recall_no_bg": 0.7670688228529635,
    "minority_dice_c2_c3_c4": 0.6889434443112913,
    "ordinal_mae_fg": 0.04487764528912986,
    "adjacent_error_rate_fg": 0.04421365088727452,
    "distant_error_rate_fg": 0.0002874982331292198,
    "exact_rate_fg": 0.9554988508795963,
    "weighted_kappa_fg": 0.9749281827629647,
    "val_loss": 0.9564335671338168,
    "epoch_seconds": 4.853758811950684
}