{
    "epoch": 108,
    "variant_name": "amc_focal_tversky",
    "train_loss": 1.337613392282616,
    "train_ce": 0.31099066172133794,
    "train_dice": 0.6504890566522424,
    "train_focal_tversky": 0.5537022304805842,
    "train_ordinal": 0.020551117224055237,
    "train_aux": 0.9928256557746367,
    "lambda_ft": 0.5,
    "lambda_ord": 0.0,
    "amc_p": 0.85,
    "selection_score": 0.7375280045213644,
    "dice_c0": 0.9573426134812836,
    "iou_c0": 0.9181756403008983,
    "precision_c0": 0.9660896874610538,
    "recall_c0": 0.9487525120454992,
    "dice_c1": 0.8606203931331557,
    "iou_c1": 0.7553412295132766,
    "precision_c1": 0.8385916962039406,
    "recall_c1": 0.8838376413164166,
    "dice_c2": 0.586150071711224,
    "iou_c2": 0.41457728998201293,
    "precision_c2": 0.5617025298509372,
    "recall_c2": 0.6128225619344166,
    "dice_c3": 0.7284973650720317,
    "iou_c3": 0.5729420805433892,
    "precision_c3": 0.6677345007484023,
    "recall_c3": 0.801425956619919,
    "dice_c4": 0.7773983537926458,
    "iou_c4": 0.6358558048766101,
    "precision_c4": 0.8126486391261845,
    "recall_c4": 0.745079037187188,
    "mean_dice_no_bg": 0.7381665459272643,
    "mean_iou_no_bg": 0.5946791012288222,
    "macro_precision_no_bg": 0.720169341482366,
    "macro_recall_no_bg": 0.7607912992644851,
    "minority_dice_c2_c3_c4": 0.6973485968586338,
    "ordinal_mae_fg": 0.045103662178153196,
    "adjacent_error_rate_fg": 0.04490513783467073,
    "distant_error_rate_fg": 9.289130771643162e-05,
    "exact_rate_fg": 0.9550019708576128,
    "weighted_kappa_fg": 0.9766888262800482,
    "val_loss": 0.9375927312807604,
    "epoch_seconds": 7.4197022914886475
}