fold,num_images,ratio_c0,images_c0,ratio_c1,images_c1,ratio_c2,images_c2,ratio_c3,images_c3,ratio_c4,images_c4,minority_c2_c4,foreground
0,44,76.39998522671786,44,17.38745082508434,43,1.7284566705877131,23,2.5807207280939273,19,1.9033865495161575,13,6.212563948197798,23.60001477328214
1,44,75.78339143232866,44,17.548630454323508,44,2.0714846524325283,27,2.726138721812855,18,1.8703547391024502,13,6.667978113347833,24.216608567671344
2,44,76.68229016390714,44,17.567738619717684,44,1.5696612271395596,27,2.7574279091574927,19,1.422882080078125,13,5.749971216375178,23.31770983609286
3,44,76.36383230035956,44,18.280774896795098,43,1.008926738392223,25,2.306738766756925,19,2.0397272976962,13,5.355392802845348,23.63616769964044
4,44,76.87806216153231,44,17.716589840975676,44,1.3057622042569246,25,2.605351534756747,18,1.4942342584783381,13,5.40534799749201,23.121937838467687
