{
    "epoch": 114,
    "train_loss": 1.32591110129248,
    "train_ce": 0.3049014277586883,
    "train_dice": 0.6464460072192278,
    "train_focal_tversky": 0.5521228577602993,
    "train_ordinal": 0.018366610624732195,
    "train_aux": 0.9758391366763548,
    "lambda_ft": 0.5,
    "lambda_ord": 0.05,
    "amc_p": 0.65,
    "selection_score": 0.7321392797785279,
    "dice_c0": 0.9515847825634686,
    "iou_c0": 0.9076411394429951,
    "precision_c0": 0.9751798235108652,
    "recall_c0": 0.9291045593334981,
    "dice_c1": 0.8511867094093127,
    "iou_c1": 0.7409269342380752,
    "precision_c1": 0.7933169132621266,
    "recall_c1": 0.9181636547401211,
    "dice_c2": 0.6105561558212074,
    "iou_c2": 0.4394248521659875,
    "precision_c2": 0.5687513798760787,
    "recall_c2": 0.6589940110148842,
    "dice_c3": 0.7092037461419124,
    "iou_c3": 0.5494312088543476,
    "precision_c3": 0.6992578177294153,
    "recall_c3": 0.7194366897459689,
    "dice_c4": 0.7571711365132843,
    "iou_c4": 0.6092320179860206,
    "precision_c4": 0.6753599177330655,
    "recall_c4": 0.8615350979078876,
    "mean_dice_no_bg": 0.7320294369714292,
    "mean_iou_no_bg": 0.5847537533111077,
    "macro_precision_no_bg": 0.6841715071501715,
    "macro_recall_no_bg": 0.7895323633522154,
    "minority_dice_c2_c3_c4": 0.6923103461588013,
    "ordinal_mae_fg": 0.05520706777769026,
    "adjacent_error_rate_fg": 0.05449219045254877,
    "distant_error_rate_fg": 0.00026216146759501264,
    "exact_rate_fg": 0.9452456480798562,
    "weighted_kappa_fg": 0.9714424099181838,
    "val_loss": 0.9394808316772635,
    "epoch_seconds": 7.804455280303955
}