{
    "epoch": 76,
    "train_loss": 0.9276518449187279,
    "selection_score": 0.7001922326812617,
    "dice_c0": 0.9471161354521382,
    "iou_c0": 0.8995447336054078,
    "precision_c0": 0.9662636647748394,
    "recall_c0": 0.9287127175853642,
    "dice_c1": 0.8398572828400677,
    "iou_c1": 0.7239258329320603,
    "precision_c1": 0.8050439427826933,
    "recall_c1": 0.8778176509216735,
    "dice_c2": 0.5928471830970468,
    "iou_c2": 0.4213097369210138,
    "precision_c2": 0.5234212052653818,
    "recall_c2": 0.683506716290607,
    "dice_c3": 0.7004448719490102,
    "iou_c3": 0.5389881943673321,
    "precision_c3": 0.6049414087315014,
    "recall_c3": 0.8317560780598304,
    "dice_c4": 0.7607296262781259,
    "iou_c4": 0.6138528301886561,
    "precision_c4": 0.7815911362238246,
    "recall_c4": 0.740952797401842,
    "mean_dice_no_bg": 0.7234697410410627,
    "mean_iou_no_bg": 0.5745191486022656,
    "macro_precision_no_bg": 0.6787494232508502,
    "macro_recall_no_bg": 0.7835083106684883,
    "minority_dice_c2_c3_c4": 0.6846738937747276,
    "ordinal_mae_fg": 0.053231739402043864,
    "adjacent_error_rate_fg": 0.053007224694483504,
    "distant_error_rate_fg": 8.496260414075717e-05,
    "exact_rate_fg": 0.9469078127013757,
    "weighted_kappa_fg": 0.9722387230727354,
    "val_loss": 0.9943877770142122,
    "epoch_seconds": 6.135458469390869
}