{
    "epoch": 92,
    "train_loss": 1.0493619523265145,
    "selection_score": 0.7198427872238488,
    "dice_c0": 0.952355697951288,
    "iou_c0": 0.9090448886983082,
    "precision_c0": 0.9795650834754729,
    "recall_c0": 0.9266170502803165,
    "dice_c1": 0.8554272384823101,
    "iou_c1": 0.7473768966404755,
    "precision_c1": 0.7940070901603283,
    "recall_c1": 0.9271463271878757,
    "dice_c2": 0.6027970411465418,
    "iou_c2": 0.43143126582067626,
    "precision_c2": 0.5183263764658907,
    "recall_c2": 0.7201601767467152,
    "dice_c3": 0.7578069447316649,
    "iou_c3": 0.6100556926459113,
    "precision_c3": 0.6895595259883871,
    "recall_c3": 0.8410475049598699,
    "dice_c4": 0.7537295587071858,
    "iou_c4": 0.6047881212085132,
    "precision_c4": 0.7585247257154377,
    "recall_c4": 0.7489946380696594,
    "mean_dice_no_bg": 0.7424401957669257,
    "mean_iou_no_bg": 0.598412994078894,
    "macro_precision_no_bg": 0.690104429582511,
    "macro_recall_no_bg": 0.8093371617410301,
    "minority_dice_c2_c3_c4": 0.7047778481951309,
    "val_loss": 0.8993595486337488,
    "epoch_seconds": 7.4087982177734375
}