{
    "epoch": 72,
    "train_loss": 1.0290336446328596,
    "train_ce": 0.3374432164498351,
    "train_dice": 0.691590432416309,
    "train_focal_tversky": 0.6015228114344857,
    "train_ordinal": 0.024606145469905725,
    "train_aux": 1.0290336446328596,
    "selection_score": 0.7091870234805134,
    "dice_c0": 0.9406712194857747,
    "iou_c0": 0.8879879757719309,
    "precision_c0": 0.9773758385107288,
    "recall_c0": 0.9066236461572548,
    "dice_c1": 0.8287030729048603,
    "iou_c1": 0.707508961848022,
    "precision_c1": 0.7456687199728855,
    "recall_c1": 0.9325474052455991,
    "dice_c2": 0.554187186541214,
    "iou_c2": 0.38330493503888946,
    "precision_c2": 0.5051077476793076,
    "recall_c2": 0.6138308437747352,
    "dice_c3": 0.7009946440019522,
    "iou_c3": 0.5396395332514747,
    "precision_c3": 0.6157495449136959,
    "recall_c3": 0.813635279454669,
    "dice_c4": 0.745188203871448,
    "iou_c4": 0.5938645191020387,
    "precision_c4": 0.750842731699162,
    "recall_c4": 0.7396182069115963,
    "mean_dice_no_bg": 0.7072682768298686,
    "mean_iou_no_bg": 0.5560794873101063,
    "macro_precision_no_bg": 0.6543421860662628,
    "macro_recall_no_bg": 0.7749079338466499,
    "minority_dice_c2_c3_c4": 0.666790011471538,
    "ordinal_mae_fg": 0.05596003102671956,
    "adjacent_error_rate_fg": 0.05467789283169266,
    "distant_error_rate_fg": 0.0004899163161446148,
    "exact_rate_fg": 0.9448321908521627,
    "weighted_kappa_fg": 0.9693253354863004,
    "val_loss": 1.0062279592860828,
    "epoch_seconds": 4.503429651260376
}