{
    "epoch": 113,
    "train_loss": 1.0060406936840578,
    "train_ce": 0.3223051735284654,
    "train_dice": 0.6837355176156218,
    "train_focal_tversky": 0.5939487218856812,
    "train_ordinal": 0.023092285272055466,
    "train_aux": 1.0060406936840578,
    "lambda_ft": 0.0,
    "lambda_ord": 0.0,
    "amc_p": 0.0,
    "selection_score": 0.7410061788196739,
    "dice_c0": 0.9508590812501122,
    "iou_c0": 0.9063216049023386,
    "precision_c0": 0.9732659003163708,
    "recall_c0": 0.9294607573065861,
    "dice_c1": 0.8502836049736171,
    "iou_c1": 0.7395594327887318,
    "precision_c1": 0.8042385296150929,
    "recall_c1": 0.9019213135918136,
    "dice_c2": 0.6063263359874851,
    "iou_c2": 0.4350561768110159,
    "precision_c2": 0.5191586486433103,
    "recall_c2": 0.7286716376691119,
    "dice_c3": 0.7423609330001429,
    "iou_c3": 0.590281387147961,
    "precision_c3": 0.6952704631805312,
    "recall_c3": 0.7962936761714066,
    "dice_c4": 0.7598598085527655,
    "iou_c4": 0.6127208954223269,
    "precision_c4": 0.6967456748723067,
    "recall_c4": 0.8355471606141338,
    "mean_dice_no_bg": 0.7397076706285026,
    "mean_iou_no_bg": 0.5944044730425089,
    "macro_precision_no_bg": 0.6788533290778103,
    "macro_recall_no_bg": 0.8156084470116165,
    "minority_dice_c2_c3_c4": 0.7028490258467978,
    "ordinal_mae_fg": 0.04628189475461577,
    "adjacent_error_rate_fg": 0.046151604397888076,
    "distant_error_rate_fg": 4.9518453335757845e-05,
    "exact_rate_fg": 0.9537988771487762,
    "weighted_kappa_fg": 0.9738446212304441,
    "val_loss": 0.9235681010918184,
    "epoch_seconds": 5.708056688308716
}