{
    "epoch": 110,
    "train_loss": 1.3217662207104943,
    "train_ce": 0.31013930521228095,
    "train_dice": 0.6402416710149158,
    "train_focal_tversky": 0.545175934379751,
    "train_ordinal": 0.019278749409502118,
    "train_aux": 0.978333359414881,
    "lambda_ft": 0.5,
    "lambda_ord": 0.05,
    "amc_p": 0.65,
    "selection_score": 0.7359715611121235,
    "dice_c0": 0.9500944521294439,
    "iou_c0": 0.9049332619076533,
    "precision_c0": 0.9794761553044987,
    "recall_c0": 0.9224241584938214,
    "dice_c1": 0.8518761907045097,
    "iou_c1": 0.7419724108214747,
    "precision_c1": 0.7856482216182944,
    "recall_c1": 0.930297711122775,
    "dice_c2": 0.5805164268610841,
    "iou_c2": 0.4089631171830916,
    "precision_c2": 0.4887466230788218,
    "recall_c2": 0.7147153926339567,
    "dice_c3": 0.7440065883166465,
    "iou_c3": 0.5923650406091595,
    "precision_c3": 0.6835377425530479,
    "recall_c3": 0.8162124388539211,
    "dice_c4": 0.7649368911098323,
    "iou_c4": 0.619350449061026,
    "precision_c4": 0.7394558412581104,
    "recall_c4": 0.792236727589162,
    "mean_dice_no_bg": 0.7353340242480181,
    "mean_iou_no_bg": 0.590662754418688,
    "macro_precision_no_bg": 0.6743471071270686,
    "macro_recall_no_bg": 0.8133655675499538,
    "minority_dice_c2_c3_c4": 0.6964866354291877,
    "ordinal_mae_fg": 0.04248247895270419,
    "adjacent_error_rate_fg": 0.041774824989882074,
    "distant_error_rate_fg": 0.00031936591640386767,
    "exact_rate_fg": 0.957905809093714,
    "weighted_kappa_fg": 0.9747937258020543,
    "val_loss": 0.9133317761800506,
    "epoch_seconds": 6.87488055229187
}