{
    "epoch": 104,
    "train_loss": 1.021959019655531,
    "train_ce": 0.28391568252647464,
    "train_dice": 0.6414158002219417,
    "train_focal_tversky": 0.5483981740068306,
    "train_ordinal": 0.018242908608127353,
    "train_aux": 0.9571539414199915,
    "lambda_ft": 0.0,
    "lambda_ord": 0.05,
    "amc_p": 0.65,
    "selection_score": 0.7291631604321007,
    "dice_c0": 0.9503078472979873,
    "iou_c0": 0.905320521689907,
    "precision_c0": 0.9727580005072093,
    "recall_c0": 0.9288705663753017,
    "dice_c1": 0.8476301402391663,
    "iou_c1": 0.735553896224851,
    "precision_c1": 0.7876311385242255,
    "recall_c1": 0.9175239226397803,
    "dice_c2": 0.5905356850785723,
    "iou_c2": 0.4189788126076058,
    "precision_c2": 0.6228491930995758,
    "recall_c2": 0.5614096686495911,
    "dice_c3": 0.7182134875489177,
    "iou_c3": 0.5603222381982486,
    "precision_c3": 0.6270017893929439,
    "recall_c3": 0.8404805337471876,
    "dice_c4": 0.7581328361269583,
    "iou_c4": 0.6104782042570083,
    "precision_c4": 0.7856312349164711,
    "recall_c4": 0.7324943177418213,
    "mean_dice_no_bg": 0.7286280372484036,
    "mean_iou_no_bg": 0.5813332878219284,
    "macro_precision_no_bg": 0.7057783389833041,
    "macro_recall_no_bg": 0.7629771106945951,
    "minority_dice_c2_c3_c4": 0.6889606695848162,
    "ordinal_mae_fg": 0.052432675070089814,
    "adjacent_error_rate_fg": 0.051852220309658775,
    "distant_error_rate_fg": 0.00022784955350713815,
    "exact_rate_fg": 0.9479199301368341,
    "weighted_kappa_fg": 0.9719834750669002,
    "val_loss": 0.9752213074402376,
    "epoch_seconds": 7.974817752838135
}