{
    "epoch": 82,
    "train_loss": 1.0136047940362582,
    "train_ce": 0.3319074201651595,
    "train_dice": 0.6816973720084537,
    "train_focal_tversky": 0.5886287741701711,
    "train_ordinal": 0.024132591274048373,
    "train_aux": 1.0136047940362582,
    "lambda_ft": 0.0,
    "lambda_ord": 0.0,
    "amc_p": 0.0,
    "selection_score": 0.7226726039989447,
    "dice_c0": 0.9531945124322037,
    "iou_c0": 0.9105746232252819,
    "precision_c0": 0.969815771698412,
    "recall_c0": 0.9371333827047736,
    "dice_c1": 0.8559422312364402,
    "iou_c1": 0.7481634709421184,
    "precision_c1": 0.8176856088497108,
    "recall_c1": 0.8979543443268986,
    "dice_c2": 0.5290563289818511,
    "iou_c2": 0.3596713724704714,
    "precision_c2": 0.5049037215185526,
    "recall_c2": 0.5556357574350962,
    "dice_c3": 0.7238406181090797,
    "iou_c3": 0.5672023638901164,
    "precision_c3": 0.663839620245603,
    "recall_c3": 0.7957657281812176,
    "dice_c4": 0.7857517426100268,
    "iou_c4": 0.64710963168191,
    "precision_c4": 0.7476462257089822,
    "recall_c4": 0.8279501336767348,
    "mean_dice_no_bg": 0.7236477302343495,
    "mean_iou_no_bg": 0.580536709746154,
    "macro_precision_no_bg": 0.6835187940807121,
    "macro_recall_no_bg": 0.7693264909049868,
    "minority_dice_c2_c3_c4": 0.6795495632336525,
    "ordinal_mae_fg": 0.04262990155383762,
    "adjacent_error_rate_fg": 0.04233063493927601,
    "distant_error_rate_fg": 0.0001073148211892102,
    "exact_rate_fg": 0.9575620502395348,
    "weighted_kappa_fg": 0.9784854698844848,
    "val_loss": 0.9370139810171995,
    "epoch_seconds": 5.676469564437866
}