{
    "epoch": 109,
    "train_loss": 1.0039997453039342,
    "train_ce": 0.32042784531685436,
    "train_dice": 0.6835718994790857,
    "train_focal_tversky": 0.5960013754665852,
    "train_ordinal": 0.02285666679447538,
    "train_aux": 1.0039997453039342,
    "lambda_ft": 0.0,
    "lambda_ord": 0.0,
    "amc_p": 0.0,
    "selection_score": 0.7088997331090855,
    "dice_c0": 0.9492181673269682,
    "iou_c0": 0.9033446694755841,
    "precision_c0": 0.9733999567356733,
    "recall_c0": 0.9262087308432573,
    "dice_c1": 0.8550455508508134,
    "iou_c1": 0.7467943825068292,
    "precision_c1": 0.8180600418671031,
    "recall_c1": 0.8955337418890332,
    "dice_c2": 0.5115416347989319,
    "iou_c2": 0.34367211522898755,
    "precision_c2": 0.39374400289249967,
    "recall_c2": 0.7299115774276912,
    "dice_c3": 0.6915408997735338,
    "iou_c3": 0.5285154879153983,
    "precision_c3": 0.6168697989108473,
    "recall_c3": 0.7867792698831201,
    "dice_c4": 0.7864341077891589,
    "iou_c4": 0.6480357703168921,
    "precision_c4": 0.7122672092702196,
    "recall_c4": 0.877841959629153,
    "mean_dice_no_bg": 0.7111405483031095,
    "mean_iou_no_bg": 0.5667544389920268,
    "macro_precision_no_bg": 0.6352352632351674,
    "macro_recall_no_bg": 0.8225166372072494,
    "minority_dice_c2_c3_c4": 0.6631722141205415,
    "ordinal_mae_fg": 0.04617432956543241,
    "adjacent_error_rate_fg": 0.04534144197010473,
    "distant_error_rate_fg": 0.00029360785734572906,
    "exact_rate_fg": 0.9543649501725495,
    "weighted_kappa_fg": 0.9765424014582775,
    "val_loss": 0.9134615537795153,
    "epoch_seconds": 5.748799800872803
}