{
    "epoch": 45,
    "train_loss": 1.013163960115476,
    "selection_score": 0.7125125630660576,
    "dice_c0": 0.9532300234723041,
    "iou_c0": 0.910639438317023,
    "precision_c0": 0.9692356970291729,
    "recall_c0": 0.9377443881388735,
    "dice_c1": 0.8565517716528397,
    "iou_c1": 0.7490953682187907,
    "precision_c1": 0.8258349164842971,
    "recall_c1": 0.889641922655921,
    "dice_c2": 0.6358740638549311,
    "iou_c2": 0.4661402932135942,
    "precision_c2": 0.5739182638857752,
    "recall_c2": 0.7128251864125538,
    "dice_c3": 0.7376161885581899,
    "iou_c3": 0.5843042202163018,
    "precision_c3": 0.6443000307668308,
    "recall_c3": 0.8625409132497347,
    "dice_c4": 0.7160343672561246,
    "iou_c4": 0.557674091109383,
    "precision_c4": 0.7678160438548236,
    "recall_c4": 0.670795759200544,
    "mean_dice_no_bg": 0.7365190978305214,
    "mean_iou_no_bg": 0.5893034931895175,
    "macro_precision_no_bg": 0.7029673137479316,
    "macro_recall_no_bg": 0.7839509453796885,
    "minority_dice_c2_c3_c4": 0.6965082065564152,
    "ordinal_mae_fg": 0.045447351501063354,
    "adjacent_error_rate_fg": 0.045317935275401025,
    "distant_error_rate_fg": 5.9762269812222824e-05,
    "exact_rate_fg": 0.9546223024547867,
    "weighted_kappa_fg": 0.9733385058590542,
    "val_loss": 0.9262938052415848,
    "epoch_seconds": 6.323490142822266
}