{
    "epoch": 120,
    "variant_name": "amc_focal_tversky",
    "train_loss": 1.3105525367639281,
    "train_ce": 0.3006557400592349,
    "train_dice": 0.6404339447617531,
    "train_focal_tversky": 0.5453596489334648,
    "train_ordinal": 0.018055808580274144,
    "train_aux": 0.9678302894939076,
    "lambda_ft": 0.5,
    "lambda_ord": 0.0,
    "amc_p": 0.85,
    "selection_score": 0.7438958233207815,
    "dice_c0": 0.9530031887189276,
    "iou_c0": 0.9102254930011325,
    "precision_c0": 0.9744350101429633,
    "recall_c0": 0.9324938259108269,
    "dice_c1": 0.8527211905025989,
    "iou_c1": 0.7432554174657495,
    "precision_c1": 0.8019385970383389,
    "recall_c1": 0.910370191974474,
    "dice_c2": 0.6476908618497286,
    "iou_c2": 0.47895177484022583,
    "precision_c2": 0.5791804918946694,
    "recall_c2": 0.7345836301074037,
    "dice_c3": 0.7246643497826181,
    "iou_c3": 0.56821461052947,
    "precision_c3": 0.6386540412580154,
    "recall_c3": 0.8374469629017184,
    "dice_c4": 0.7472616248481957,
    "iou_c4": 0.5965025416880393,
    "precision_c4": 0.8255360408999303,
    "recall_c4": 0.6825451050591145,
    "mean_dice_no_bg": 0.7430845067457853,
    "mean_iou_no_bg": 0.5967310861308712,
    "macro_precision_no_bg": 0.7113272927727384,
    "macro_recall_no_bg": 0.7912364725106776,
    "minority_dice_c2_c3_c4": 0.7065389454935141,
    "ordinal_mae_fg": 0.05415921775116626,
    "adjacent_error_rate_fg": 0.053768236959892954,
    "distant_error_rate_fg": 0.0001567912765004187,
    "exact_rate_fg": 0.9460749717636067,
    "weighted_kappa_fg": 0.9704710400093756,
    "val_loss": 0.9330568232319572,
    "epoch_seconds": 7.8025596141815186
}