{
    "epoch": 102,
    "variant_name": "amc_focal_tversky",
    "train_loss": 1.341264435513453,
    "train_ce": 0.32231285042044794,
    "train_dice": 0.644968552684242,
    "train_focal_tversky": 0.5490667372941971,
    "train_ordinal": 0.01987972229488316,
    "train_aux": 0.9944966184821996,
    "lambda_ft": 0.5,
    "lambda_ord": 0.0,
    "amc_p": 0.85,
    "selection_score": 0.7585862002057047,
    "dice_c0": 0.9526726233627222,
    "iou_c0": 0.9096225732411677,
    "precision_c0": 0.9802451431257411,
    "recall_c0": 0.9266087968367368,
    "dice_c1": 0.8548183517380636,
    "iou_c1": 0.7464478260155823,
    "precision_c1": 0.7820509775626951,
    "recall_c1": 0.9425165398194317,
    "dice_c2": 0.6288198348920592,
    "iou_c2": 0.4585975285330632,
    "precision_c2": 0.6245205927216918,
    "recall_c2": 0.6331786799226383,
    "dice_c3": 0.7703553630548515,
    "iou_c3": 0.6264861732481295,
    "precision_c3": 0.740946500862493,
    "recall_c3": 0.8021952454165904,
    "dice_c4": 0.77105241683212,
    "iou_c4": 0.6274087092018722,
    "precision_c4": 0.6964326077342294,
    "recall_c4": 0.8635815257128403,
    "mean_dice_no_bg": 0.7562614916292736,
    "mean_iou_no_bg": 0.6147350592496618,
    "macro_precision_no_bg": 0.7109876697202773,
    "macro_recall_no_bg": 0.8103679977178752,
    "minority_dice_c2_c3_c4": 0.7234092049263436,
    "ordinal_mae_fg": 0.04093566093165202,
    "adjacent_error_rate_fg": 0.040706693456125397,
    "distant_error_rate_fg": 0.00010616485024417916,
    "exact_rate_fg": 0.9591871416936304,
    "weighted_kappa_fg": 0.9766222976111649,
    "val_loss": 0.9031230360269547,
    "epoch_seconds": 7.339030981063843
}