{
    "epoch": 96,
    "train_loss": 1.0465582439845258,
    "selection_score": 0.7086709593415421,
    "dice_c0": 0.9513574200305746,
    "iou_c0": 0.907227532242981,
    "precision_c0": 0.9792489462998731,
    "recall_c0": 0.9250107373234576,
    "dice_c1": 0.8532824917476204,
    "iou_c1": 0.7441087151865677,
    "precision_c1": 0.7874282968796905,
    "recall_c1": 0.9311570043337467,
    "dice_c2": 0.557114989555801,
    "iou_c2": 0.38611184226266965,
    "precision_c2": 0.4656531726517952,
    "recall_c2": 0.6932879619842495,
    "dice_c3": 0.7264801542440772,
    "iou_c3": 0.5704505953834278,
    "precision_c3": 0.7076682383044591,
    "recall_c3": 0.7463195360566794,
    "dice_c4": 0.7942138900893888,
    "iou_c4": 0.6586689658817404,
    "precision_c4": 0.74724356331744,
    "recall_c4": 0.8474852190470972,
    "mean_dice_no_bg": 0.7327728814092218,
    "mean_iou_no_bg": 0.5898350296786015,
    "macro_precision_no_bg": 0.6769983177883462,
    "macro_recall_no_bg": 0.8045624303554432,
    "minority_dice_c2_c3_c4": 0.6926030112964224,
    "val_loss": 0.9137837046926672,
    "epoch_seconds": 7.521166563034058
}