{
    "epoch": 118,
    "train_loss": 1.00606558336453,
    "selection_score": 0.7115741891217727,
    "dice_c0": 0.9495635475052937,
    "iou_c0": 0.9039704831740684,
    "precision_c0": 0.9760826740399596,
    "recall_c0": 0.9244472991058119,
    "dice_c1": 0.8494737237394612,
    "iou_c1": 0.7383349179129015,
    "precision_c1": 0.7966269262561925,
    "recall_c1": 0.9098302244164506,
    "dice_c2": 0.605593214937685,
    "iou_c2": 0.4343016840029372,
    "precision_c2": 0.5150618737125576,
    "recall_c2": 0.7347362607014231,
    "dice_c3": 0.7334747629970179,
    "iou_c3": 0.5791236854724363,
    "precision_c3": 0.6658503373448696,
    "recall_c3": 0.8163879377835374,
    "dice_c4": 0.7496880778913857,
    "iou_c4": 0.5996008393066098,
    "precision_c4": 0.6904187869336481,
    "recall_c4": 0.8200889592980245,
    "mean_dice_no_bg": 0.7345574448913874,
    "mean_iou_no_bg": 0.5878402816737212,
    "macro_precision_no_bg": 0.666989481061817,
    "macro_recall_no_bg": 0.8202608455498588,
    "minority_dice_c2_c3_c4": 0.6962520186086962,
    "val_loss": 0.9182808128270236,
    "epoch_seconds": 4.167156934738159
}