class_id,class_name,images_present,percentage
0,Background,220,100.0
1,C1,218,99.0909090909091
2,C2,127,57.72727272727273
3,C3,93,42.27272727272727
4,C4,65,29.545454545454547
