column,mean,std,min,q25,median,q75,max
foreground_ratio,23.578487743030895,8.87192845271322,4.763031005859371,16.657066345214837,24.30305480957031,30.38015365600586,43.95790100097656
