{
    "epoch": 115,
    "train_loss": 1.0530313991687514,
    "selection_score": 0.6992613962887982,
    "dice_c0": 0.9524490159249401,
    "iou_c0": 0.9092149503023089,
    "precision_c0": 0.9749934093720136,
    "recall_c0": 0.9309236308291486,
    "dice_c1": 0.8536211676212498,
    "iou_c1": 0.744623979012222,
    "precision_c1": 0.8018470096065622,
    "recall_c1": 0.9125428005310475,
    "dice_c2": 0.5640287688904594,
    "iou_c2": 0.3927855632975654,
    "precision_c2": 0.4890150592133881,
    "recall_c2": 0.6662262384553143,
    "dice_c3": 0.732203711914855,
    "iou_c3": 0.5775405077268063,
    "precision_c3": 0.6985104390125783,
    "recall_c3": 0.7693121693121436,
    "dice_c4": 0.7500984509502631,
    "iou_c4": 0.6001260271423303,
    "precision_c4": 0.6888175874103475,
    "recall_c4": 0.8233478387002713,
    "mean_dice_no_bg": 0.7249880248442069,
    "mean_iou_no_bg": 0.578769019294731,
    "macro_precision_no_bg": 0.669547523810719,
    "macro_recall_no_bg": 0.7928572617496941,
    "minority_dice_c2_c3_c4": 0.6821103105851926,
    "val_loss": 0.9236536540768363,
    "epoch_seconds": 7.294988632202148
}