{
    "epoch": 120,
    "train_loss": 1.3229913847012953,
    "train_ce": 0.3059173494746739,
    "train_dice": 0.6435837969183922,
    "train_focal_tversky": 0.5480883282355287,
    "train_ordinal": 0.01877025061267804,
    "train_aux": 0.9756903810934587,
    "lambda_ft": 0.5,
    "lambda_ord": 0.1,
    "amc_p": 0.85,
    "selection_score": 0.7515820749509188,
    "dice_c0": 0.9529604043201613,
    "iou_c0": 0.9101474368802719,
    "precision_c0": 0.9752939022740106,
    "recall_c0": 0.9316268490919032,
    "dice_c1": 0.8532688819823417,
    "iou_c1": 0.7440880155562348,
    "precision_c1": 0.8060961201750507,
    "recall_c1": 0.9063059235801816,
    "dice_c2": 0.639301420571379,
    "iou_c2": 0.4698332387763877,
    "precision_c2": 0.5516071617061811,
    "recall_c2": 0.7601496744680256,
    "dice_c3": 0.7256231117824659,
    "iou_c3": 0.5693944377768747,
    "precision_c3": 0.6824724508732938,
    "recall_c3": 0.7745986313656855,
    "dice_c4": 0.7816565194574525,
    "iou_c4": 0.6415731950314771,
    "precision_c4": 0.7351127303659479,
    "recall_c4": 0.834492559544106,
    "mean_dice_no_bg": 0.7499624834484098,
    "mean_iou_no_bg": 0.6062222217852435,
    "macro_precision_no_bg": 0.6938221157801183,
    "macro_recall_no_bg": 0.8188866972394997,
    "minority_dice_c2_c3_c4": 0.7155270172704324,
    "ordinal_mae_fg": 0.05240366773966574,
    "adjacent_error_rate_fg": 0.0520480785255537,
    "distant_error_rate_fg": 0.0001316555143971868,
    "exact_rate_fg": 0.9478202659600491,
    "weighted_kappa_fg": 0.9727711955413642,
    "val_loss": 0.9172243469140746,
    "epoch_seconds": 7.889782428741455
}