{
    "epoch": 109,
    "train_loss": 0.9990933842279694,
    "train_ce": 0.32204365967349574,
    "train_dice": 0.677049729634415,
    "train_focal_tversky": 0.5834046863019466,
    "train_ordinal": 0.021138493120154388,
    "train_aux": 0.9990933842279694,
    "lambda_ft": 0.0,
    "lambda_ord": 0.0,
    "amc_p": 0.0,
    "selection_score": 0.721115599518316,
    "dice_c0": 0.949958643244135,
    "iou_c0": 0.9046868841233661,
    "precision_c0": 0.9715910393906779,
    "recall_c0": 0.929268553825962,
    "dice_c1": 0.8440125301905275,
    "iou_c1": 0.7301225594855592,
    "precision_c1": 0.8086304041754909,
    "recall_c1": 0.8826326714115482,
    "dice_c2": 0.5675398625724875,
    "iou_c2": 0.3961994108902084,
    "precision_c2": 0.4722586041801779,
    "recall_c2": 0.7109859154929185,
    "dice_c3": 0.7330950400367356,
    "iou_c3": 0.5786503827864031,
    "precision_c3": 0.6371081910296311,
    "recall_c3": 0.8631351575690419,
    "dice_c4": 0.7395273119302385,
    "iou_c4": 0.586706335591231,
    "precision_c4": 0.7499921680669692,
    "recall_c4": 0.729350475261959,
    "mean_dice_no_bg": 0.7210436861824973,
    "mean_iou_no_bg": 0.5729196721883505,
    "macro_precision_no_bg": 0.6669973418630673,
    "macro_recall_no_bg": 0.7965260549338669,
    "minority_dice_c2_c3_c4": 0.6800540715131538,
    "ordinal_mae_fg": 0.05631350754138976,
    "adjacent_error_rate_fg": 0.05620571799068845,
    "distant_error_rate_fg": 4.613719405018012e-05,
    "exact_rate_fg": 0.9437481448152614,
    "weighted_kappa_fg": 0.9677005075567463,
    "val_loss": 0.943584677847949,
    "epoch_seconds": 5.611950874328613
}