{
    "epoch": 112,
    "train_loss": 1.0030306767333637,
    "selection_score": 0.7097779266321678,
    "dice_c0": 0.9467080142981897,
    "iou_c0": 0.8988087132053861,
    "precision_c0": 0.9550174714239157,
    "recall_c0": 0.938541908459919,
    "dice_c1": 0.8387165899786309,
    "iou_c1": 0.7222324737793313,
    "precision_c1": 0.8401658381863055,
    "recall_c1": 0.8372723329371072,
    "dice_c2": 0.5839017787718395,
    "iou_c2": 0.4123314117755407,
    "precision_c2": 0.5393728297148421,
    "recall_c2": 0.6364446788207256,
    "dice_c3": 0.7233739629068413,
    "iou_c3": 0.5666294920272372,
    "precision_c3": 0.6476085125639348,
    "recall_c3": 0.8192162624585513,
    "dice_c4": 0.7790784837690014,
    "iou_c4": 0.6381069326831321,
    "precision_c4": 0.7295228539756479,
    "recall_c4": 0.835857286553247,
    "mean_dice_no_bg": 0.7312677038565782,
    "mean_iou_no_bg": 0.5848250775663104,
    "macro_precision_no_bg": 0.6891675086101825,
    "macro_recall_no_bg": 0.7821976401924078,
    "minority_dice_c2_c3_c4": 0.6954514084825608,
    "val_loss": 1.0069715204564007,
    "epoch_seconds": 3.4685847759246826
}