{
    "epoch": 113,
    "train_loss": 0.9868902645327828,
    "train_ce": 0.3105297920886766,
    "train_dice": 0.676360470327464,
    "train_focal_tversky": 0.584029265425422,
    "train_ordinal": 0.020968271759060866,
    "train_aux": 0.9868902645327828,
    "lambda_ft": 0.0,
    "lambda_ord": 0.0,
    "amc_p": 0.0,
    "selection_score": 0.7114465980325946,
    "dice_c0": 0.9520924736010566,
    "iou_c0": 0.908565354877116,
    "precision_c0": 0.9536043630599287,
    "recall_c0": 0.9505853705956229,
    "dice_c1": 0.8407128929286997,
    "iou_c1": 0.7251981737747325,
    "precision_c1": 0.8552514534140442,
    "recall_c1": 0.82666035720245,
    "dice_c2": 0.4950955099581788,
    "iou_c2": 0.32898799441047594,
    "precision_c2": 0.4268483875000997,
    "recall_c2": 0.5893195052153833,
    "dice_c3": 0.7287895900760127,
    "iou_c3": 0.5733036674232327,
    "precision_c3": 0.6945690715681099,
    "recall_c3": 0.7665568533492806,
    "dice_c4": 0.7801732205754514,
    "iou_c4": 0.6395770561320984,
    "precision_c4": 0.7630475302888672,
    "recall_c4": 0.79808529155783,
    "mean_dice_no_bg": 0.7111928033845856,
    "mean_iou_no_bg": 0.566766722935135,
    "macro_precision_no_bg": 0.6849291106927802,
    "macro_recall_no_bg": 0.7451555018312359,
    "minority_dice_c2_c3_c4": 0.6680194402032144,
    "ordinal_mae_fg": 0.04942094248771632,
    "adjacent_error_rate_fg": 0.04894816109305995,
    "distant_error_rate_fg": 0.0001989492466735819,
    "exact_rate_fg": 0.9508528896602665,
    "weighted_kappa_fg": 0.9727709289529031,
    "val_loss": 0.9816465851935473,
    "epoch_seconds": 5.883952856063843
}