{
    "epoch": 104,
    "train_loss": 1.164702227169817,
    "train_ce": 0.2888643857599659,
    "train_dice": 0.6414115222340281,
    "train_focal_tversky": 0.5483091280541637,
    "train_ordinal": 0.018141196366658816,
    "train_aux": 0.9644197889349677,
    "lambda_ft": 0.25,
    "lambda_ord": 0.05,
    "amc_p": 0.65,
    "selection_score": 0.7354262908813165,
    "dice_c0": 0.9483545881492252,
    "iou_c0": 0.901781700811332,
    "precision_c0": 0.9747307100724962,
    "recall_c0": 0.9233683274984498,
    "dice_c1": 0.8423379617571836,
    "iou_c1": 0.7276199218173773,
    "precision_c1": 0.7716609894922795,
    "recall_c1": 0.9272669976519841,
    "dice_c2": 0.5967923675005404,
    "iou_c2": 0.42530581624438984,
    "precision_c2": 0.6082192351559212,
    "recall_c2": 0.5857869446143983,
    "dice_c3": 0.7155100886141653,
    "iou_c3": 0.5570383093489636,
    "precision_c3": 0.6755731569742601,
    "recall_c3": 0.7604654834732283,
    "dice_c4": 0.7782390733715708,
    "iou_c4": 0.6369814719146396,
    "precision_c4": 0.7316197990586093,
    "recall_c4": 0.831203909940156,
    "mean_dice_no_bg": 0.733219872810865,
    "mean_iou_no_bg": 0.5867363798313425,
    "macro_precision_no_bg": 0.6967682951702675,
    "macro_recall_no_bg": 0.7761808339199417,
    "minority_dice_c2_c3_c4": 0.6968471764954255,
    "ordinal_mae_fg": 0.050503751254400354,
    "adjacent_error_rate_fg": 0.04987177240797082,
    "distant_error_rate_fg": 0.0002496854043549595,
    "exact_rate_fg": 0.9498785421876742,
    "weighted_kappa_fg": 0.9735202314080175,
    "val_loss": 0.9680730944330042,
    "epoch_seconds": 7.870937824249268
}