{
    "epoch": 93,
    "train_loss": 1.0284712104634806,
    "train_ce": 0.3399334361099384,
    "train_dice": 0.6885377740995451,
    "train_focal_tversky": 0.5969472883099859,
    "train_ordinal": 0.02472753591725698,
    "train_aux": 1.0284712104634806,
    "lambda_ft": 0.0,
    "lambda_ord": 0.0,
    "amc_p": 0.0,
    "selection_score": 0.7164121767821982,
    "dice_c0": 0.9504470570339368,
    "iou_c0": 0.9055732380187984,
    "precision_c0": 0.9686370964040384,
    "recall_c0": 0.9329276063014813,
    "dice_c1": 0.8498628340254158,
    "iou_c1": 0.7389230251552418,
    "precision_c1": 0.8160847259654093,
    "recall_c1": 0.886557856139318,
    "dice_c2": 0.5225140181622379,
    "iou_c2": 0.35365074497174714,
    "precision_c2": 0.43998401148264243,
    "recall_c2": 0.6431535545212074,
    "dice_c3": 0.7253932154458923,
    "iou_c3": 0.5691113716295294,
    "precision_c3": 0.6583006975558245,
    "recall_c3": 0.8077135536254764,
    "dice_c4": 0.7716203624682547,
    "iou_c4": 0.6281611473295963,
    "precision_c4": 0.7451751849669656,
    "recall_c4": 0.8000116042935421,
    "mean_dice_no_bg": 0.7173476075254501,
    "mean_iou_no_bg": 0.5724615722715287,
    "macro_precision_no_bg": 0.6648861549927104,
    "macro_recall_no_bg": 0.7843591421448859,
    "minority_dice_c2_c3_c4": 0.6731758653587949,
    "ordinal_mae_fg": 0.046508952494010276,
    "adjacent_error_rate_fg": 0.04534101841184307,
    "distant_error_rate_fg": 0.0004930999354760186,
    "exact_rate_fg": 0.9541658816526809,
    "weighted_kappa_fg": 0.9730237530928618,
    "val_loss": 0.9442745325240222,
    "epoch_seconds": 4.883615732192993
}