{
    "epoch": 101,
    "train_loss": 0.9810003807598894,
    "selection_score": 0.6803531229020209,
    "dice_c0": 0.9490269720241997,
    "iou_c0": 0.9029984088669232,
    "precision_c0": 0.9582499263075062,
    "recall_c0": 0.9399798632605314,
    "dice_c1": 0.8387803382535847,
    "iou_c1": 0.7223270203607315,
    "precision_c1": 0.8367733769310787,
    "recall_c1": 0.8407969499253931,
    "dice_c2": 0.5414966803857199,
    "iou_c2": 0.37126873357334944,
    "precision_c2": 0.49448312566180574,
    "recall_c2": 0.598389227878402,
    "dice_c3": 0.7084661224133318,
    "iou_c3": 0.5485462942227702,
    "precision_c3": 0.600371807381565,
    "recall_c3": 0.8640311470499862,
    "dice_c4": 0.7382874941231564,
    "iou_c4": 0.5851471636243107,
    "precision_c4": 0.7479133178543341,
    "recall_c4": 0.7289062953292295,
    "mean_dice_no_bg": 0.7067576587939481,
    "mean_iou_no_bg": 0.5568223029452904,
    "macro_precision_no_bg": 0.6698854069571959,
    "macro_recall_no_bg": 0.7580309050457527,
    "minority_dice_c2_c3_c4": 0.6627500989740693,
    "val_loss": 0.9742373891852119,
    "epoch_seconds": 4.2693281173706055
}