{
    "epoch": 103,
    "train_loss": 1.3377973152832552,
    "train_ce": 0.3230016509240324,
    "train_dice": 0.6413850655609911,
    "train_focal_tversky": 0.5451050009578466,
    "train_ordinal": 0.0189237715064585,
    "train_aux": 0.9896572320298715,
    "lambda_ft": 0.5,
    "lambda_ord": 0.1,
    "amc_p": 0.8497435617899505,
    "selection_score": 0.7521483779641434,
    "dice_c0": 0.9533483212962331,
    "iou_c0": 0.9108553883722944,
    "precision_c0": 0.9615757333553352,
    "recall_c0": 0.945260505214954,
    "dice_c1": 0.8583403753062716,
    "iou_c1": 0.7518356231057374,
    "precision_c1": 0.8528680007081983,
    "recall_c1": 0.8638834297209903,
    "dice_c2": 0.6167947061591974,
    "iou_c2": 0.44591696468028863,
    "precision_c2": 0.5587175192871293,
    "recall_c2": 0.688346475147712,
    "dice_c3": 0.7477205721975725,
    "iou_c3": 0.5970876432185074,
    "precision_c3": 0.7008436224865668,
    "recall_c3": 0.8013178901037138,
    "dice_c4": 0.7822281465656903,
    "iou_c4": 0.6423437562296115,
    "precision_c4": 0.746549951977322,
    "recall_c4": 0.8214876722615074,
    "mean_dice_no_bg": 0.7512709500571829,
    "mean_iou_no_bg": 0.6092959968085363,
    "macro_precision_no_bg": 0.714744773614804,
    "macro_recall_no_bg": 0.793758866808481,
    "minority_dice_c2_c3_c4": 0.7155811416408201,
    "ordinal_mae_fg": 0.04955638388617703,
    "adjacent_error_rate_fg": 0.048728143486965164,
    "distant_error_rate_fg": 0.0003138381512699889,
    "exact_rate_fg": 0.9509580183617649,
    "weighted_kappa_fg": 0.9741840796249646,
    "val_loss": 0.9493927657604218,
    "epoch_seconds": 7.934231758117676
}