{
    "timestamp": "2026-05-13T18:56:34",
    "run_name": "unet_baseline_fullval_fold0_aug-full_base32_crop320",
    "fold": 0,
    "best_epoch": 104,
    "best_score": 0.6865740259833724,
    "total_time_seconds": 497.21947979927063,
    "checkpoint": "/home/ubuntu/storage3/ER Segmentation/ER_IHC_Q1/outputs/checkpoints/unet_baseline/unet_baseline_fullval_fold0_aug-full_base32_crop320/best_model.pt",
    "history_path": "/home/ubuntu/storage3/ER Segmentation/ER_IHC_Q1/outputs/metrics/unet_baseline/unet_baseline_fullval_fold0_aug-full_base32_crop320/training_history.csv",
    "best_metrics_path": "/home/ubuntu/storage3/ER Segmentation/ER_IHC_Q1/outputs/metrics/unet_baseline/unet_baseline_fullval_fold0_aug-full_base32_crop320/best_metrics.json",
    "learning_curve": "/home/ubuntu/storage3/ER Segmentation/ER_IHC_Q1/outputs/figures/results/unet_baseline/unet_baseline_fullval_fold0_aug-full_base32_crop320/learning_curve.png",
    "best_metrics": {
        "epoch": 104,
        "train_loss": 1.0037391118027947,
        "selection_score": 0.6865740259833724,
        "dice_c0": 0.9478995733556017,
        "iou_c0": 0.9009592139211103,
        "precision_c0": 0.970853947673997,
        "recall_c0": 0.926005571120411,
        "dice_c1": 0.8516001898995373,
        "iou_c1": 0.7415537536748973,
        "precision_c1": 0.8164176230226163,
        "recall_c1": 0.8899516187017134,
        "dice_c2": 0.5544198660903362,
        "iou_c2": 0.38352759081634047,
        "precision_c2": 0.44388082837487236,
        "recall_c2": 0.7382703169045505,
        "dice_c3": 0.6950829626705829,
        "iou_c3": 0.5326644857768946,
        "precision_c3": 0.6340646040419587,
        "recall_c3": 0.7690958749483228,
        "dice_c4": 0.7552105278838095,
        "iou_c4": 0.6066973932547182,
        "precision_c4": 0.7087162650626186,
        "recall_c4": 0.8082334667923455,
        "mean_dice_no_bg": 0.7140783866360665,
        "mean_iou_no_bg": 0.5661108058807126,
        "macro_precision_no_bg": 0.6507698301255165,
        "macro_recall_no_bg": 0.8013878193367331,
        "minority_dice_c2_c3_c4": 0.6682377855482429,
        "val_loss": 0.9637448381293904,
        "epoch_seconds": 4.456423044204712
    }
}