{
    "timestamp": "2026-05-13T19:21:20",
    "run_name": "unet_baseline_fullval_fold3_aug-full_base32_crop320",
    "fold": 3,
    "best_epoch": 104,
    "best_score": 0.7036399412784968,
    "total_time_seconds": 487.0671422481537,
    "checkpoint": "/home/ubuntu/storage3/ER Segmentation/ER_IHC_Q1/outputs/checkpoints/unet_baseline/unet_baseline_fullval_fold3_aug-full_base32_crop320/best_model.pt",
    "history_path": "/home/ubuntu/storage3/ER Segmentation/ER_IHC_Q1/outputs/metrics/unet_baseline/unet_baseline_fullval_fold3_aug-full_base32_crop320/training_history.csv",
    "best_metrics_path": "/home/ubuntu/storage3/ER Segmentation/ER_IHC_Q1/outputs/metrics/unet_baseline/unet_baseline_fullval_fold3_aug-full_base32_crop320/best_metrics.json",
    "learning_curve": "/home/ubuntu/storage3/ER Segmentation/ER_IHC_Q1/outputs/figures/results/unet_baseline/unet_baseline_fullval_fold3_aug-full_base32_crop320/learning_curve.png",
    "best_metrics": {
        "epoch": 104,
        "train_loss": 1.0041489276019009,
        "selection_score": 0.7036399412784968,
        "dice_c0": 0.9518141483541751,
        "iou_c0": 0.9080585726850537,
        "precision_c0": 0.9736763419214904,
        "recall_c0": 0.9309121496774365,
        "dice_c1": 0.8535056142594569,
        "iou_c1": 0.7444481411116209,
        "precision_c1": 0.8073984739256829,
        "recall_c1": 0.9051976556579169,
        "dice_c2": 0.5571099997889698,
        "iou_c2": 0.38610704884467256,
        "precision_c2": 0.4715400689396229,
        "recall_c2": 0.6806217937149786,
        "dice_c3": 0.7202845277512641,
        "iou_c3": 0.5628474011379803,
        "precision_c3": 0.675199989478542,
        "recall_c3": 0.7718206316453836,
        "dice_c4": 0.7835700719682694,
        "iou_c4": 0.6441555357291654,
        "precision_c4": 0.7244982673981835,
        "recall_c4": 0.8531298216084204,
        "mean_dice_no_bg": 0.7286175534419901,
        "mean_iou_no_bg": 0.5843895317058598,
        "macro_precision_no_bg": 0.6696591999355077,
        "macro_recall_no_bg": 0.8026924756566749,
        "minority_dice_c2_c3_c4": 0.6869881998361679,
        "val_loss": 0.9135696725411848,
        "epoch_seconds": 3.895808696746826
    }
}