{
    "timestamp": "2026-05-13T20:13:55",
    "run_name": "resunetds_baseline_fullval_fold1_aug-full_base32_crop320",
    "fold": 1,
    "best_epoch": 74,
    "best_score": 0.7254891308933417,
    "total_time_seconds": 860.5274951457977,
    "checkpoint": "/home/ubuntu/storage3/ER Segmentation/ER_IHC_Q1/outputs/checkpoints/resunetds_baseline/resunetds_baseline_fullval_fold1_aug-full_base32_crop320/best_model.pt",
    "history_path": "/home/ubuntu/storage3/ER Segmentation/ER_IHC_Q1/outputs/metrics/resunetds_baseline/resunetds_baseline_fullval_fold1_aug-full_base32_crop320/training_history.csv",
    "best_metrics_path": "/home/ubuntu/storage3/ER Segmentation/ER_IHC_Q1/outputs/metrics/resunetds_baseline/resunetds_baseline_fullval_fold1_aug-full_base32_crop320/best_metrics.json",
    "learning_curve": "/home/ubuntu/storage3/ER Segmentation/ER_IHC_Q1/outputs/figures/results/resunetds_baseline/resunetds_baseline_fullval_fold1_aug-full_base32_crop320/learning_curve.png",
    "best_metrics": {
        "epoch": 74,
        "train_loss": 1.0657057037407702,
        "selection_score": 0.7254891308933417,
        "dice_c0": 0.9475501601547193,
        "iou_c0": 0.9003280957256998,
        "precision_c0": 0.9752434736658038,
        "recall_c0": 0.921386194500904,
        "dice_c1": 0.8505105125492763,
        "iou_c1": 0.739902819325032,
        "precision_c1": 0.793763544528799,
        "recall_c1": 0.9159960041855222,
        "dice_c2": 0.6038597657683759,
        "iou_c2": 0.43252085353783565,
        "precision_c2": 0.5149756656507514,
        "recall_c2": 0.7298268963554179,
        "dice_c3": 0.7471619490896875,
        "iou_c3": 0.5963755239927454,
        "precision_c3": 0.7012807315596498,
        "recall_c3": 0.7994669923228831,
        "dice_c4": 0.7837718839366503,
        "iou_c4": 0.6444283548332522,
        "precision_c4": 0.7397254074247487,
        "recall_c4": 0.8333959106858555,
        "mean_dice_no_bg": 0.7463260278359974,
        "mean_iou_no_bg": 0.6033068879222163,
        "macro_precision_no_bg": 0.6874363372909872,
        "macro_recall_no_bg": 0.8196714508874197,
        "minority_dice_c2_c3_c4": 0.7115978662649045,
        "val_loss": 0.9553190483288332,
        "epoch_seconds": 7.1532886028289795
    }
}