{
    "timestamp": "2026-05-13T19:59:29",
    "run_name": "resunetds_baseline_fullval_fold0_aug-full_base32_crop320",
    "fold": 0,
    "best_epoch": 92,
    "best_score": 0.7138855819350522,
    "total_time_seconds": 883.8109457492828,
    "checkpoint": "/home/ubuntu/storage3/ER Segmentation/ER_IHC_Q1/outputs/checkpoints/resunetds_baseline/resunetds_baseline_fullval_fold0_aug-full_base32_crop320/best_model.pt",
    "history_path": "/home/ubuntu/storage3/ER Segmentation/ER_IHC_Q1/outputs/metrics/resunetds_baseline/resunetds_baseline_fullval_fold0_aug-full_base32_crop320/training_history.csv",
    "best_metrics_path": "/home/ubuntu/storage3/ER Segmentation/ER_IHC_Q1/outputs/metrics/resunetds_baseline/resunetds_baseline_fullval_fold0_aug-full_base32_crop320/best_metrics.json",
    "learning_curve": "/home/ubuntu/storage3/ER Segmentation/ER_IHC_Q1/outputs/figures/results/resunetds_baseline/resunetds_baseline_fullval_fold0_aug-full_base32_crop320/learning_curve.png",
    "best_metrics": {
        "epoch": 92,
        "train_loss": 1.0446186858144673,
        "selection_score": 0.7138855819350522,
        "dice_c0": 0.9500467213297394,
        "iou_c0": 0.9048466637800778,
        "precision_c0": 0.9747953939003193,
        "recall_c0": 0.926523601117582,
        "dice_c1": 0.8502751807984985,
        "iou_c1": 0.7395466868228744,
        "precision_c1": 0.794297456395723,
        "recall_c1": 0.9147411129344012,
        "dice_c2": 0.6238069297639123,
        "iou_c2": 0.45328445786818083,
        "precision_c2": 0.5736911237222533,
        "recall_c2": 0.6835167480914156,
        "dice_c3": 0.7118191334836599,
        "iou_c3": 0.5525770114942402,
        "precision_c3": 0.6364038315920848,
        "recall_c3": 0.8075110273491426,
        "dice_c4": 0.760567482936436,
        "iou_c4": 0.6136417049460309,
        "precision_c4": 0.7376592356687582,
        "recall_c4": 0.7849441795001076,
        "mean_dice_no_bg": 0.7366171817456266,
        "mean_iou_no_bg": 0.5897624652828315,
        "macro_precision_no_bg": 0.6855129118447048,
        "macro_recall_no_bg": 0.7976782669687668,
        "minority_dice_c2_c3_c4": 0.6987311820613359,
        "val_loss": 0.9460891891609539,
        "epoch_seconds": 7.543810844421387
    }
}