{
    "timestamp": "2026-05-13T22:22:51",
    "run_name": "proposed_amc_ordinal_fullval_fold3_aug-full_base32_crop320_ord0.1_ft0.5",
    "fold": 3,
    "best_epoch": 112,
    "best_score": 0.7224656483354562,
    "total_time_seconds": 940.5704529285431,
    "checkpoint": "/home/ubuntu/storage3/ER Segmentation/ER_IHC_Q1/outputs/checkpoints/proposed_amc_ordinal/proposed_amc_ordinal_fullval_fold3_aug-full_base32_crop320_ord0.1_ft0.5/best_model.pt",
    "history_path": "/home/ubuntu/storage3/ER Segmentation/ER_IHC_Q1/outputs/metrics/proposed_amc_ordinal/proposed_amc_ordinal_fullval_fold3_aug-full_base32_crop320_ord0.1_ft0.5/training_history.csv",
    "best_metrics_path": "/home/ubuntu/storage3/ER Segmentation/ER_IHC_Q1/outputs/metrics/proposed_amc_ordinal/proposed_amc_ordinal_fullval_fold3_aug-full_base32_crop320_ord0.1_ft0.5/best_metrics.json",
    "learning_curve": "/home/ubuntu/storage3/ER Segmentation/ER_IHC_Q1/outputs/figures/results/proposed_amc_ordinal/proposed_amc_ordinal_fullval_fold3_aug-full_base32_crop320_ord0.1_ft0.5/learning_curve.png",
    "best_metrics": {
        "epoch": 112,
        "train_loss": 1.329290240325711,
        "train_ce": 0.3112980779260397,
        "train_dice": 0.6431053568693724,
        "train_focal_tversky": 0.5495460131628946,
        "train_ordinal": 0.018117342529463218,
        "train_aux": 0.9830207215114073,
        "lambda_ft": 0.5,
        "lambda_ord": 0.1,
        "amc_p": 0.85,
        "selection_score": 0.7224656483354562,
        "dice_c0": 0.9537438839731346,
        "iou_c0": 0.9115778339198208,
        "precision_c0": 0.9756351210109963,
        "recall_c0": 0.9328134762009472,
        "dice_c1": 0.8588020793959238,
        "iou_c1": 0.7525443780526079,
        "precision_c1": 0.8084134331619537,
        "recall_c1": 0.915889756355737,
        "dice_c2": 0.5944198071577712,
        "iou_c2": 0.42289995987763085,
        "precision_c2": 0.5179323548180907,
        "recall_c2": 0.6974126300773635,
        "dice_c3": 0.7062956177658203,
        "iou_c3": 0.5459482301096281,
        "precision_c3": 0.6227237907795237,
        "recall_c3": 0.8157757256630541,
        "dice_c4": 0.7380405908447967,
        "iou_c4": 0.5848370284261877,
        "precision_c4": 0.7659526803062857,
        "recall_c4": 0.7120912657425877,
        "mean_dice_no_bg": 0.724389523791078,
        "mean_iou_no_bg": 0.5765573991165136,
        "macro_precision_no_bg": 0.6787555647664634,
        "macro_recall_no_bg": 0.7852923444596855,
        "minority_dice_c2_c3_c4": 0.6795853385894627,
        "ordinal_mae_fg": 0.04933943176098247,
        "adjacent_error_rate_fg": 0.049137138067825506,
        "distant_error_rate_fg": 9.916357507694102e-05,
        "exact_rate_fg": 0.9507636983570975,
        "weighted_kappa_fg": 0.9739758804445516,
        "val_loss": 0.9191760827194561,
        "epoch_seconds": 7.89821195602417
    }
}