{
    "timestamp": "2026-05-13T22:39:42",
    "run_name": "proposed_amc_ordinal_fullval_fold4_aug-full_base32_crop320_ord0.1_ft0.5",
    "fold": 4,
    "best_epoch": 114,
    "best_score": 0.7226657874759839,
    "total_time_seconds": 1005.9069378376007,
    "checkpoint": "/home/ubuntu/storage3/ER Segmentation/ER_IHC_Q1/outputs/checkpoints/proposed_amc_ordinal/proposed_amc_ordinal_fullval_fold4_aug-full_base32_crop320_ord0.1_ft0.5/best_model.pt",
    "history_path": "/home/ubuntu/storage3/ER Segmentation/ER_IHC_Q1/outputs/metrics/proposed_amc_ordinal/proposed_amc_ordinal_fullval_fold4_aug-full_base32_crop320_ord0.1_ft0.5/training_history.csv",
    "best_metrics_path": "/home/ubuntu/storage3/ER Segmentation/ER_IHC_Q1/outputs/metrics/proposed_amc_ordinal/proposed_amc_ordinal_fullval_fold4_aug-full_base32_crop320_ord0.1_ft0.5/best_metrics.json",
    "learning_curve": "/home/ubuntu/storage3/ER Segmentation/ER_IHC_Q1/outputs/figures/results/proposed_amc_ordinal/proposed_amc_ordinal_fullval_fold4_aug-full_base32_crop320_ord0.1_ft0.5/learning_curve.png",
    "best_metrics": {
        "epoch": 114,
        "train_loss": 1.3207952698523349,
        "train_ce": 0.29524063818495383,
        "train_dice": 0.6486157016320662,
        "train_focal_tversky": 0.5562755976888266,
        "train_ordinal": 0.01742713432544075,
        "train_aux": 0.9705841730941426,
        "lambda_ft": 0.5,
        "lambda_ord": 0.1,
        "amc_p": 0.85,
        "selection_score": 0.7226657874759839,
        "dice_c0": 0.9528471565049211,
        "iou_c0": 0.9099408576541762,
        "precision_c0": 0.9732686620947374,
        "recall_c0": 0.9332650229932775,
        "dice_c1": 0.8539894375445338,
        "iou_c1": 0.7451846130586776,
        "precision_c1": 0.8049982281624234,
        "recall_c1": 0.9093301609843111,
        "dice_c2": 0.5665487300702383,
        "iou_c2": 0.3952340354743966,
        "precision_c2": 0.514041540458648,
        "recall_c2": 0.6310030475861237,
        "dice_c3": 0.7327570468818349,
        "iou_c3": 0.578229332488155,
        "precision_c3": 0.6749541762658091,
        "recall_c3": 0.8013876410102558,
        "dice_c4": 0.7422165184502365,
        "iou_c4": 0.5900987962854488,
        "precision_c4": 0.7236786982117652,
        "recall_c4": 0.7617290397446613,
        "mean_dice_no_bg": 0.7238779332367109,
        "mean_iou_no_bg": 0.5771866943266696,
        "macro_precision_no_bg": 0.6794181607746614,
        "macro_recall_no_bg": 0.775862472331338,
        "minority_dice_c2_c3_c4": 0.6805074318007699,
        "ordinal_mae_fg": 0.047406040494034435,
        "adjacent_error_rate_fg": 0.04644730348555623,
        "distant_error_rate_fg": 0.0004094819459041148,
        "exact_rate_fg": 0.9531432145685397,
        "weighted_kappa_fg": 0.9719794842450873,
        "val_loss": 0.9368189857764677,
        "epoch_seconds": 9.079845190048218
    }
}