{
    "timestamp": "2026-05-14T01:49:17",
    "run_name": "proposed_amc_ordinal_fullval_fold4_aug-full_base32_crop320_ord0.1_ft0.5_amcmax0.65_gain0.05_target0.7",
    "fold": 4,
    "best_epoch": 89,
    "best_score": 0.7271617013986262,
    "total_time_seconds": 913.1010346412659,
    "checkpoint": "/home/ubuntu/storage3/ER Segmentation/ER_IHC_Q1/outputs/checkpoints/proposed_amc_ordinal/proposed_amc_ordinal_fullval_fold4_aug-full_base32_crop320_ord0.1_ft0.5_amcmax0.65_gain0.05_target0.7/best_model.pt",
    "history_path": "/home/ubuntu/storage3/ER Segmentation/ER_IHC_Q1/outputs/metrics/proposed_amc_ordinal/proposed_amc_ordinal_fullval_fold4_aug-full_base32_crop320_ord0.1_ft0.5_amcmax0.65_gain0.05_target0.7/training_history.csv",
    "best_metrics_path": "/home/ubuntu/storage3/ER Segmentation/ER_IHC_Q1/outputs/metrics/proposed_amc_ordinal/proposed_amc_ordinal_fullval_fold4_aug-full_base32_crop320_ord0.1_ft0.5_amcmax0.65_gain0.05_target0.7/best_metrics.json",
    "learning_curve": "/home/ubuntu/storage3/ER Segmentation/ER_IHC_Q1/outputs/figures/results/proposed_amc_ordinal/proposed_amc_ordinal_fullval_fold4_aug-full_base32_crop320_ord0.1_ft0.5_amcmax0.65_gain0.05_target0.7/learning_curve.png",
    "best_metrics": {
        "epoch": 89,
        "train_loss": 1.3582804081114856,
        "train_ce": 0.3209359567951072,
        "train_dice": 0.6553715233775702,
        "train_focal_tversky": 0.5591023262928833,
        "train_ordinal": 0.02084065788056416,
        "train_aux": 1.0033769458532333,
        "lambda_ft": 0.5,
        "lambda_ord": 0.1,
        "amc_p": 0.65,
        "selection_score": 0.7271617013986262,
        "dice_c0": 0.952359202167066,
        "iou_c0": 0.9090512741934453,
        "precision_c0": 0.966452388372402,
        "recall_c0": 0.9386711330772776,
        "dice_c1": 0.8515829314515814,
        "iou_c1": 0.7415275815501151,
        "precision_c1": 0.8212017076103507,
        "recall_c1": 0.8842984872455965,
        "dice_c2": 0.546420116034012,
        "iou_c2": 0.37591337226210364,
        "precision_c2": 0.5354941517671838,
        "recall_c2": 0.557801223018202,
        "dice_c3": 0.7424530909079691,
        "iou_c3": 0.5903979291269796,
        "precision_c3": 0.6859804698851756,
        "recall_c3": 0.8090579348440714,
        "dice_c4": 0.7679473634661249,
        "iou_c4": 0.623307268451278,
        "precision_c4": 0.6990373537224847,
        "recall_c4": 0.8519292138090598,
        "mean_dice_no_bg": 0.7271008754649217,
        "mean_iou_no_bg": 0.5827865378476191,
        "macro_precision_no_bg": 0.6854284207462987,
        "macro_recall_no_bg": 0.7757717147292325,
        "minority_dice_c2_c3_c4": 0.685606856802702,
        "ordinal_mae_fg": 0.041326154293841046,
        "adjacent_error_rate_fg": 0.040370322711954496,
        "distant_error_rate_fg": 0.00042261801134887056,
        "exact_rate_fg": 0.9592070592766966,
        "weighted_kappa_fg": 0.9766732467752862,
        "val_loss": 0.9384689331054688,
        "epoch_seconds": 7.512282371520996
    }
}