{
    "timestamp": "2026-05-14T01:33:58",
    "run_name": "proposed_amc_ordinal_fullval_fold0_aug-full_base32_crop320_ord0.1_ft0.5_amcmax0.65_gain0.05_target0.7",
    "fold": 0,
    "best_epoch": 102,
    "best_score": 0.7332905633691245,
    "total_time_seconds": 921.4350066184998,
    "checkpoint": "/home/ubuntu/storage3/ER Segmentation/ER_IHC_Q1/outputs/checkpoints/proposed_amc_ordinal/proposed_amc_ordinal_fullval_fold0_aug-full_base32_crop320_ord0.1_ft0.5_amcmax0.65_gain0.05_target0.7/best_model.pt",
    "history_path": "/home/ubuntu/storage3/ER Segmentation/ER_IHC_Q1/outputs/metrics/proposed_amc_ordinal/proposed_amc_ordinal_fullval_fold0_aug-full_base32_crop320_ord0.1_ft0.5_amcmax0.65_gain0.05_target0.7/training_history.csv",
    "best_metrics_path": "/home/ubuntu/storage3/ER Segmentation/ER_IHC_Q1/outputs/metrics/proposed_amc_ordinal/proposed_amc_ordinal_fullval_fold0_aug-full_base32_crop320_ord0.1_ft0.5_amcmax0.65_gain0.05_target0.7/best_metrics.json",
    "learning_curve": "/home/ubuntu/storage3/ER Segmentation/ER_IHC_Q1/outputs/figures/results/proposed_amc_ordinal/proposed_amc_ordinal_fullval_fold0_aug-full_base32_crop320_ord0.1_ft0.5_amcmax0.65_gain0.05_target0.7/learning_curve.png",
    "best_metrics": {
        "epoch": 102,
        "train_loss": 1.3323067318309436,
        "train_ce": 0.31174582784826105,
        "train_dice": 0.6458423015746203,
        "train_focal_tversky": 0.5491094860163602,
        "train_ordinal": 0.01881989829019982,
        "train_aux": 0.9828186400912025,
        "lambda_ft": 0.5,
        "lambda_ord": 0.1,
        "amc_p": 0.65,
        "selection_score": 0.7332905633691245,
        "dice_c0": 0.9489311104292604,
        "iou_c0": 0.9028248479667279,
        "precision_c0": 0.9767510224165792,
        "recall_c0": 0.9226520503150668,
        "dice_c1": 0.8497964023182561,
        "iou_c1": 0.7388225910882529,
        "precision_c1": 0.7985439936999609,
        "recall_c1": 0.9080790236182265,
        "dice_c2": 0.5949869831519029,
        "iou_c2": 0.42347435647724674,
        "precision_c2": 0.46406304413762356,
        "recall_c2": 0.8288173510026369,
        "dice_c3": 0.7147502198465813,
        "iou_c3": 0.556117753049732,
        "precision_c3": 0.6689610530354535,
        "recall_c3": 0.7672683416815064,
        "dice_c4": 0.7721051757542038,
        "iou_c4": 0.6288039989324412,
        "precision_c4": 0.7512474039347837,
        "recall_c4": 0.7941542203577069,
        "mean_dice_no_bg": 0.7329096952677361,
        "mean_iou_no_bg": 0.5868046748869182,
        "macro_precision_no_bg": 0.6707038737019554,
        "macro_recall_no_bg": 0.8245797341650192,
        "minority_dice_c2_c3_c4": 0.6939474595842293,
        "ordinal_mae_fg": 0.05544541455530126,
        "adjacent_error_rate_fg": 0.054960952345924206,
        "distant_error_rate_fg": 0.00017638379214870656,
        "exact_rate_fg": 0.9448626638619271,
        "weighted_kappa_fg": 0.9704917903826605,
        "val_loss": 0.9356523508375342,
        "epoch_seconds": 7.4331419467926025
    }
}