{
    "timestamp": "2026-05-13T22:07:05",
    "run_name": "proposed_amc_ordinal_fullval_fold2_aug-full_base32_crop320_ord0.1_ft0.5",
    "fold": 2,
    "best_epoch": 115,
    "best_score": 0.7534551540735773,
    "total_time_seconds": 962.1107175350189,
    "checkpoint": "/home/ubuntu/storage3/ER Segmentation/ER_IHC_Q1/outputs/checkpoints/proposed_amc_ordinal/proposed_amc_ordinal_fullval_fold2_aug-full_base32_crop320_ord0.1_ft0.5/best_model.pt",
    "history_path": "/home/ubuntu/storage3/ER Segmentation/ER_IHC_Q1/outputs/metrics/proposed_amc_ordinal/proposed_amc_ordinal_fullval_fold2_aug-full_base32_crop320_ord0.1_ft0.5/training_history.csv",
    "best_metrics_path": "/home/ubuntu/storage3/ER Segmentation/ER_IHC_Q1/outputs/metrics/proposed_amc_ordinal/proposed_amc_ordinal_fullval_fold2_aug-full_base32_crop320_ord0.1_ft0.5/best_metrics.json",
    "learning_curve": "/home/ubuntu/storage3/ER Segmentation/ER_IHC_Q1/outputs/figures/results/proposed_amc_ordinal/proposed_amc_ordinal_fullval_fold2_aug-full_base32_crop320_ord0.1_ft0.5/learning_curve.png",
    "best_metrics": {
        "epoch": 115,
        "train_loss": 1.3174032467332752,
        "train_ce": 0.2981874454258518,
        "train_dice": 0.6439436379481446,
        "train_focal_tversky": 0.5521848364309832,
        "train_ordinal": 0.018085388188493114,
        "train_aux": 0.9737120067531412,
        "lambda_ft": 0.5,
        "lambda_ord": 0.1,
        "amc_p": 0.8485177534428568,
        "selection_score": 0.7534551540735773,
        "dice_c0": 0.956391518815515,
        "iou_c0": 0.9164275071145652,
        "precision_c0": 0.9758441464924691,
        "recall_c0": 0.9376992768513623,
        "dice_c1": 0.864457586915334,
        "iou_c1": 0.7612728304591123,
        "precision_c1": 0.8257963945819383,
        "recall_c1": 0.9069165710089467,
        "dice_c2": 0.6157402679795373,
        "iou_c2": 0.4448155600689214,
        "precision_c2": 0.5075051305652573,
        "recall_c2": 0.7826567246616524,
        "dice_c3": 0.7742764713562332,
        "iou_c3": 0.6316893273746252,
        "precision_c3": 0.7187748297102524,
        "recall_c3": 0.839066690562179,
        "dice_c4": 0.760321076105646,
        "iou_c4": 0.6133209667848164,
        "precision_c4": 0.7715362853396581,
        "recall_c4": 0.7494272483548166,
        "mean_dice_no_bg": 0.7536988505891876,
        "mean_iou_no_bg": 0.6127746711718689,
        "macro_precision_no_bg": 0.7059031600492764,
        "macro_recall_no_bg": 0.8195168086468987,
        "minority_dice_c2_c3_c4": 0.7167792718138055,
        "ordinal_mae_fg": 0.04632119025489073,
        "adjacent_error_rate_fg": 0.04625638172785974,
        "distant_error_rate_fg": 2.4957320968456764e-05,
        "exact_rate_fg": 0.9537186609511719,
        "weighted_kappa_fg": 0.9727793580853773,
        "val_loss": 0.8809084499424155,
        "epoch_seconds": 7.989901542663574
    }
}