{
    "timestamp": "2026-05-14T00:37:35",
    "run_name": "proposed_amc_ordinal_fullval_fold4_aug-full_base32_crop320_ord0.05_ft0.0_amcmax0.65_gain0.05_target0.7",
    "fold": 4,
    "best_epoch": 119,
    "best_score": 0.723498016806165,
    "total_time_seconds": 951.1995966434479,
    "checkpoint": "/home/ubuntu/storage3/ER Segmentation/ER_IHC_Q1/outputs/checkpoints/proposed_amc_ordinal/proposed_amc_ordinal_fullval_fold4_aug-full_base32_crop320_ord0.05_ft0.0_amcmax0.65_gain0.05_target0.7/best_model.pt",
    "history_path": "/home/ubuntu/storage3/ER Segmentation/ER_IHC_Q1/outputs/metrics/proposed_amc_ordinal/proposed_amc_ordinal_fullval_fold4_aug-full_base32_crop320_ord0.05_ft0.0_amcmax0.65_gain0.05_target0.7/training_history.csv",
    "best_metrics_path": "/home/ubuntu/storage3/ER Segmentation/ER_IHC_Q1/outputs/metrics/proposed_amc_ordinal/proposed_amc_ordinal_fullval_fold4_aug-full_base32_crop320_ord0.05_ft0.0_amcmax0.65_gain0.05_target0.7/best_metrics.json",
    "learning_curve": "/home/ubuntu/storage3/ER Segmentation/ER_IHC_Q1/outputs/figures/results/proposed_amc_ordinal/proposed_amc_ordinal_fullval_fold4_aug-full_base32_crop320_ord0.05_ft0.0_amcmax0.65_gain0.05_target0.7/learning_curve.png",
    "best_metrics": {
        "epoch": 119,
        "train_loss": 1.035849665376273,
        "train_ce": 0.28359735130586405,
        "train_dice": 0.654485264623707,
        "train_focal_tversky": 0.5615216451273723,
        "train_ordinal": 0.018898081842714666,
        "train_aux": 0.9682214639403603,
        "lambda_ft": 0.0,
        "lambda_ord": 0.05,
        "amc_p": 0.65,
        "selection_score": 0.723498016806165,
        "dice_c0": 0.954208015871741,
        "iou_c0": 0.9124262093738847,
        "precision_c0": 0.9742481866761448,
        "recall_c0": 0.9349756760005827,
        "dice_c1": 0.8591897419109631,
        "iou_c1": 0.7531399159665567,
        "precision_c1": 0.8270590871944129,
        "recall_c1": 0.8939178102570509,
        "dice_c2": 0.5377308181667193,
        "iou_c2": 0.367737229811924,
        "precision_c2": 0.4032570673782033,
        "recall_c2": 0.806760462383172,
        "dice_c3": 0.745568626449719,
        "iou_c3": 0.594347879182595,
        "precision_c3": 0.7162540854432294,
        "recall_c3": 0.777385111976281,
        "dice_c4": 0.7608845159787256,
        "iou_c4": 0.6140545621376983,
        "precision_c4": 0.7287441435506959,
        "recall_c4": 0.7959907165650829,
        "mean_dice_no_bg": 0.7258434256265318,
        "mean_iou_no_bg": 0.5823198967746934,
        "macro_precision_no_bg": 0.6688285958916355,
        "macro_recall_no_bg": 0.8185135252953967,
        "minority_dice_c2_c3_c4": 0.6813946535317212,
        "ordinal_mae_fg": 0.05291615056033624,
        "adjacent_error_rate_fg": 0.052381388143553274,
        "distant_error_rate_fg": 0.00023490327704369935,
        "exact_rate_fg": 0.947383708579403,
        "weighted_kappa_fg": 0.9690819699917275,
        "val_loss": 0.9039723785086111,
        "epoch_seconds": 7.299438238143921
    }
}