{
    "timestamp": "2026-05-14T00:01:38",
    "run_name": "proposed_amc_ordinal_fullval_fold4_aug-full_base32_crop320_ord0.05_ft0.25_amcmax0.65_gain0.05_target0.7",
    "fold": 4,
    "best_epoch": 119,
    "best_score": 0.7326023907037286,
    "total_time_seconds": 950.0614278316498,
    "checkpoint": "/home/ubuntu/storage3/ER Segmentation/ER_IHC_Q1/outputs/checkpoints/proposed_amc_ordinal/proposed_amc_ordinal_fullval_fold4_aug-full_base32_crop320_ord0.05_ft0.25_amcmax0.65_gain0.05_target0.7/best_model.pt",
    "history_path": "/home/ubuntu/storage3/ER Segmentation/ER_IHC_Q1/outputs/metrics/proposed_amc_ordinal/proposed_amc_ordinal_fullval_fold4_aug-full_base32_crop320_ord0.05_ft0.25_amcmax0.65_gain0.05_target0.7/training_history.csv",
    "best_metrics_path": "/home/ubuntu/storage3/ER Segmentation/ER_IHC_Q1/outputs/metrics/proposed_amc_ordinal/proposed_amc_ordinal_fullval_fold4_aug-full_base32_crop320_ord0.05_ft0.25_amcmax0.65_gain0.05_target0.7/best_metrics.json",
    "learning_curve": "/home/ubuntu/storage3/ER Segmentation/ER_IHC_Q1/outputs/figures/results/proposed_amc_ordinal/proposed_amc_ordinal_fullval_fold4_aug-full_base32_crop320_ord0.05_ft0.25_amcmax0.65_gain0.05_target0.7/learning_curve.png",
    "best_metrics": {
        "epoch": 119,
        "train_loss": 1.1752430620518597,
        "train_ce": 0.28570587966929784,
        "train_dice": 0.6520574885335836,
        "train_focal_tversky": 0.5590600390833887,
        "train_ordinal": 0.018097879232548374,
        "train_aux": 0.9680980369448662,
        "lambda_ft": 0.25,
        "lambda_ord": 0.05,
        "amc_p": 0.65,
        "selection_score": 0.7326023907037286,
        "dice_c0": 0.9552132389351747,
        "iou_c0": 0.9142662163536999,
        "precision_c0": 0.9715188976601087,
        "recall_c0": 0.9394458833020904,
        "dice_c1": 0.8601856379788371,
        "iou_c1": 0.7546716962343962,
        "precision_c1": 0.8296405805481949,
        "recall_c1": 0.893065836844885,
        "dice_c2": 0.5562666241474894,
        "iou_c2": 0.3852973363721119,
        "precision_c2": 0.4372170742822255,
        "recall_c2": 0.7644063182635554,
        "dice_c3": 0.7490309256425342,
        "iou_c3": 0.5987605457211308,
        "precision_c3": 0.7479832621543256,
        "recall_c3": 0.7500815280689245,
        "dice_c4": 0.7706668552435969,
        "iou_c4": 0.6268982972848318,
        "precision_c4": 0.7253578815867248,
        "recall_c4": 0.8220133449375792,
        "mean_dice_no_bg": 0.7340375107531143,
        "mean_iou_no_bg": 0.5914069689031176,
        "macro_precision_no_bg": 0.6850496996428678,
        "macro_recall_no_bg": 0.807391757028736,
        "minority_dice_c2_c3_c4": 0.6919881350112069,
        "ordinal_mae_fg": 0.04805660681862366,
        "adjacent_error_rate_fg": 0.047416424414105145,
        "distant_error_rate_fg": 0.00028397517363554675,
        "exact_rate_fg": 0.9522996004122594,
        "weighted_kappa_fg": 0.9719825647107019,
        "val_loss": 0.9032104963606055,
        "epoch_seconds": 7.738357305526733
    }
}