{
    "timestamp": "2026-05-14T03:30:27",
    "run_name": "deeplabv3_resnet50_fullval_fold1_aug-full_crop320_pretrained",
    "fold": 1,
    "best_epoch": 49,
    "best_score": 0.7037980904321532,
    "total_time_seconds": 764.3194682598114,
    "checkpoint": "/home/ubuntu/storage3/ER Segmentation/ER_IHC_Q1/outputs/checkpoints/deeplabv3_resnet50/deeplabv3_resnet50_fullval_fold1_aug-full_crop320_pretrained/best_model.pt",
    "history_path": "/home/ubuntu/storage3/ER Segmentation/ER_IHC_Q1/outputs/metrics/deeplabv3_resnet50/deeplabv3_resnet50_fullval_fold1_aug-full_crop320_pretrained/training_history.csv",
    "best_metrics_path": "/home/ubuntu/storage3/ER Segmentation/ER_IHC_Q1/outputs/metrics/deeplabv3_resnet50/deeplabv3_resnet50_fullval_fold1_aug-full_crop320_pretrained/best_metrics.json",
    "learning_curve": "/home/ubuntu/storage3/ER Segmentation/ER_IHC_Q1/outputs/figures/results/deeplabv3_resnet50/deeplabv3_resnet50_fullval_fold1_aug-full_crop320_pretrained/learning_curve.png",
    "best_metrics": {
        "epoch": 49,
        "train_loss": 0.9893296753818338,
        "selection_score": 0.7037980904321532,
        "dice_c0": 0.945720330837357,
        "iou_c0": 0.8970298474867597,
        "precision_c0": 0.9686618575383902,
        "recall_c0": 0.9238403447799703,
        "dice_c1": 0.8459057161605368,
        "iou_c1": 0.7329606670837684,
        "precision_c1": 0.8101657888368965,
        "recall_c1": 0.8849444548193293,
        "dice_c2": 0.5680321743626955,
        "iou_c2": 0.3966794254681595,
        "precision_c2": 0.44842005295964915,
        "recall_c2": 0.7746681064068113,
        "dice_c3": 0.7186823390692255,
        "iou_c3": 0.5608931812796215,
        "precision_c3": 0.6697304914664146,
        "recall_c3": 0.7753544373842942,
        "dice_c4": 0.777310549288411,
        "iou_c4": 0.6357383298236741,
        "precision_c4": 0.7880254352329996,
        "recall_c4": 0.766883137952897,
        "mean_dice_no_bg": 0.7274826947202172,
        "mean_iou_no_bg": 0.5815679009138058,
        "macro_precision_no_bg": 0.67908544212399,
        "macro_recall_no_bg": 0.8004625341408329,
        "minority_dice_c2_c3_c4": 0.6880083542401106,
        "ordinal_mae_fg": 0.05825345481976485,
        "adjacent_error_rate_fg": 0.057558738847616676,
        "distant_error_rate_fg": 0.000261456494350249,
        "exact_rate_fg": 0.9421798046580331,
        "weighted_kappa_fg": 0.9681754002220729,
        "val_loss": 0.9823324883526022,
        "epoch_seconds": 6.492850065231323
    }
}