{
    "timestamp": "2026-05-14T04:09:04",
    "run_name": "deeplabv3_resnet50_fullval_fold4_aug-full_crop320_pretrained",
    "fold": 4,
    "best_epoch": 35,
    "best_score": 0.6965118281952749,
    "total_time_seconds": 745.7133350372314,
    "checkpoint": "/home/ubuntu/storage3/ER Segmentation/ER_IHC_Q1/outputs/checkpoints/deeplabv3_resnet50/deeplabv3_resnet50_fullval_fold4_aug-full_crop320_pretrained/best_model.pt",
    "history_path": "/home/ubuntu/storage3/ER Segmentation/ER_IHC_Q1/outputs/metrics/deeplabv3_resnet50/deeplabv3_resnet50_fullval_fold4_aug-full_crop320_pretrained/training_history.csv",
    "best_metrics_path": "/home/ubuntu/storage3/ER Segmentation/ER_IHC_Q1/outputs/metrics/deeplabv3_resnet50/deeplabv3_resnet50_fullval_fold4_aug-full_crop320_pretrained/best_metrics.json",
    "learning_curve": "/home/ubuntu/storage3/ER Segmentation/ER_IHC_Q1/outputs/figures/results/deeplabv3_resnet50/deeplabv3_resnet50_fullval_fold4_aug-full_crop320_pretrained/learning_curve.png",
    "best_metrics": {
        "epoch": 35,
        "train_loss": 1.0221677280285142,
        "selection_score": 0.6965118281952749,
        "dice_c0": 0.9496135127233565,
        "iou_c0": 0.904061052028037,
        "precision_c0": 0.9654924776983491,
        "recall_c0": 0.9342484031912933,
        "dice_c1": 0.8407702403517975,
        "iou_c1": 0.725283519814873,
        "precision_c1": 0.8061082364520306,
        "recall_c1": 0.8785470550151634,
        "dice_c2": 0.5679184352657322,
        "iou_c2": 0.3965684980876862,
        "precision_c2": 0.49365052904083795,
        "recall_c2": 0.6684903493104309,
        "dice_c3": 0.7196049190326597,
        "iou_c3": 0.5620178722406501,
        "precision_c3": 0.6916836509183562,
        "recall_c3": 0.749875212139338,
        "dice_c4": 0.7539259929019252,
        "iou_c4": 0.6050411039852354,
        "precision_c4": 0.7066791171649044,
        "recall_c4": 0.8079431389613688,
        "mean_dice_no_bg": 0.7205548968880287,
        "mean_iou_no_bg": 0.5722277485321112,
        "macro_precision_no_bg": 0.6745303833940323,
        "macro_recall_no_bg": 0.7762139388565753,
        "minority_dice_c2_c3_c4": 0.680483115733439,
        "ordinal_mae_fg": 0.04689833660428037,
        "adjacent_error_rate_fg": 0.046205764711985835,
        "distant_error_rate_fg": 0.00031465202902053376,
        "exact_rate_fg": 0.9534795832589936,
        "weighted_kappa_fg": 0.973059733564247,
        "val_loss": 0.9683704640377652,
        "epoch_seconds": 6.201919078826904
    }
}