{
    "timestamp": "2026-05-14T03:56:33",
    "run_name": "deeplabv3_resnet50_fullval_fold3_aug-full_crop320_pretrained",
    "fold": 3,
    "best_epoch": 61,
    "best_score": 0.7096967432396004,
    "total_time_seconds": 767.8722026348114,
    "checkpoint": "/home/ubuntu/storage3/ER Segmentation/ER_IHC_Q1/outputs/checkpoints/deeplabv3_resnet50/deeplabv3_resnet50_fullval_fold3_aug-full_crop320_pretrained/best_model.pt",
    "history_path": "/home/ubuntu/storage3/ER Segmentation/ER_IHC_Q1/outputs/metrics/deeplabv3_resnet50/deeplabv3_resnet50_fullval_fold3_aug-full_crop320_pretrained/training_history.csv",
    "best_metrics_path": "/home/ubuntu/storage3/ER Segmentation/ER_IHC_Q1/outputs/metrics/deeplabv3_resnet50/deeplabv3_resnet50_fullval_fold3_aug-full_crop320_pretrained/best_metrics.json",
    "learning_curve": "/home/ubuntu/storage3/ER Segmentation/ER_IHC_Q1/outputs/figures/results/deeplabv3_resnet50/deeplabv3_resnet50_fullval_fold3_aug-full_crop320_pretrained/learning_curve.png",
    "best_metrics": {
        "epoch": 61,
        "train_loss": 0.969282447614453,
        "selection_score": 0.7096967432396004,
        "dice_c0": 0.9512741143707393,
        "iou_c0": 0.9070760314073416,
        "precision_c0": 0.9652796981060793,
        "recall_c0": 0.9376691419371405,
        "dice_c1": 0.8450596651683352,
        "iou_c1": 0.7316911875724773,
        "precision_c1": 0.8205738794384032,
        "recall_c1": 0.8710517005396043,
        "dice_c2": 0.5583456425406018,
        "iou_c2": 0.38729508196719525,
        "precision_c2": 0.45488717737920215,
        "recall_c2": 0.7227191874403236,
        "dice_c3": 0.7227654100011052,
        "iou_c3": 0.5658830536383537,
        "precision_c3": 0.717141556870249,
        "recall_c3": 0.7284781652741329,
        "dice_c4": 0.8028582032008491,
        "iou_c4": 0.670645871146998,
        "precision_c4": 0.7330692679911814,
        "recall_c4": 0.8873332228214984,
        "mean_dice_no_bg": 0.7322572302277228,
        "mean_iou_no_bg": 0.588878798581256,
        "macro_precision_no_bg": 0.6814179704197589,
        "macro_recall_no_bg": 0.8023955690188899,
        "minority_dice_c2_c3_c4": 0.694656418580852,
        "ordinal_mae_fg": 0.04359576223322537,
        "adjacent_error_rate_fg": 0.04355171488273525,
        "distant_error_rate_fg": 1.934790161715525e-05,
        "exact_rate_fg": 0.9564289372156476,
        "weighted_kappa_fg": 0.978573511985764,
        "val_loss": 0.9355321797457609,
        "epoch_seconds": 6.50985050201416
    }
}